grid_y,x0,x1,x2,x3,x4,x5,x6,x7,x8,x9,x10,x11,x12,x13,x14,x15,x16,x17,x18,x19,x20,x21,x22,x23,x24,x25,x26,x27,x28,x29,x30,x31,x32,x33,x34,x35,x36,x37,x38,x39,x40,x41,x42,x43,x44,x45,x46,x47,x48,x49,x50,x51,x52,x53,x54,x55,x56,x57,x58,x59,x60,x61,x62,x63
0,318.150000,318.150000,318.150000,318.150000,318.150000,318.150000,318.150000,318.150000,318.150000,318.150000,318.150000,318.160000,318.160000,318.160000,318.160000,318.160000,318.160000,318.160000,318.160000,318.160000,318.160000,318.160000,318.160000,318.160000,318.160000,318.160000,318.160000,318.160000,318.160000,318.160000,318.160000,318.160000,318.160000,318.160000,318.150000,318.150000,318.150000,318.150000,318.150000,318.150000,318.150000,318.150000,318.150000,318.150000,318.150000,318.150000,318.150000,318.150000,318.150000,318.150000,318.150000,318.150000,318.150000,318.150000,318.150000,318.150000,318.150000,318.150000,318.150000,318.150000,318.150000,318.150000,318.150000,318.150000
1,318.150000,318.150000,318.150000,318.150000,318.150000,318.150000,318.150000,318.150000,318.150000,318.150000,318.160000,318.160000,318.160000,318.160000,318.160000,318.160000,318.160000,318.160000,318.160000,318.160000,318.160000,318.160000,318.160000,318.160000,318.160000,318.160000,318.160000,318.160000,318.160000,318.170000,318.170000,318.160000,318.160000,318.160000,318.160000,318.150000,318.150000,318.150000,318.150000,318.150000,318.150000,318.150000,318.150000,318.150000,318.150000,318.150000,318.150000,318.150000,318.150000,318.150000,318.150000,318.150000,318.150000,318.150000,318.150000,318.150000,318.150000,318.150000,318.150000,318.150000,318.150000,318.150000,318.150000,318.150000
2,318.150000,318.150000,318.150000,318.150000,318.150000,318.150000,318.150000,318.150000,318.150000,318.150000,318.160000,318.160000,318.160000,318.170000,318.170000,318.170000,318.170000,318.170000,318.160000,318.160000,318.160000,318.160000,318.160000,318.160000,318.160000,318.160000,318.160000,318.170000,318.170000,318.170000,318.170000,318.170000,318.170000,318.160000,318.160000,318.160000,318.150000,318.150000,318.150000,318.150000,318.150000,318.150000,318.150000,318.150000,318.150000,318.150000,318.150000,318.150000,318.150000,318.150000,318.150000,318.150000,318.150000,318.150000,318.150000,318.150000,318.150000,318.150000,318.150000,318.150000,318.150000,318.150000,318.150000,318.150000
3,318.150000,318.150000,318.150000,318.150000,318.150000,318.150000,318.150000,318.150000,318.150000,318.160000,318.160000,318.160000,318.170000,318.170000,318.170000,318.170000,318.170000,318.170000,318.170000,318.160000,318.160000,318.160000,318.160000,318.160000,318.160000,318.160000,318.160000,318.170000,318.170000,318.170000,318.170000,318.170000,318.170000,318.170000,318.160000,318.160000,318.160000,318.150000,318.150000,318.150000,318.150000,318.150000,318.150000,318.150000,318.150000,318.150000,318.150000,318.150000,318.150000,318.150000,318.150000,318.150000,318.150000,318.150000,318.150000,318.150000,318.150000,318.150000,318.150000,318.150000,318.150000,318.150000,318.150000,318.150000
4,318.150000,318.150000,318.150000,318.150000,318.150000,318.150000,318.150000,318.150000,318.150000,318.160000,318.160000,318.170000,318.170000,318.170000,318.170000,318.170000,318.170000,318.170000,318.170000,318.170000,318.160000,318.160000,318.160000,318.160000,318.160000,318.160000,318.170000,318.170000,318.170000,318.170000,318.170000,318.170000,318.170000,318.170000,318.170000,318.160000,318.160000,318.160000,318.150000,318.150000,318.150000,318.150000,318.160000,318.160000,318.160000,318.160000,318.160000,318.160000,318.150000,318.150000,318.150000,318.150000,318.150000,318.150000,318.150000,318.150000,318.150000,318.150000,318.150000,318.150000,318.150000,318.150000,318.150000,318.150000
5,318.150000,318.150000,318.150000,318.150000,318.150000,318.150000,318.150000,318.150000,318.150000,318.160000,318.160000,318.170000,318.170000,318.170000,318.170000,318.170000,318.170000,318.170000,318.170000,318.170000,318.170000,318.170000,318.170000,318.170000,318.170000,318.170000,318.170000,318.170000,318.170000,318.170000,318.170000,318.170000,318.170000,318.170000,318.170000,318.160000,318.160000,318.160000,318.150000,318.150000,318.150000,318.160000,318.160000,318.160000,318.160000,318.160000,318.160000,318.160000,318.160000,318.150000,318.150000,318.150000,318.150000,318.150000,318.150000,318.150000,318.150000,318.150000,318.150000,318.150000,318.150000,318.150000,318.150000,318.150000
6,318.150000,318.150000,318.150000,318.150000,318.150000,318.150000,318.150000,318.150000,318.160000,318.160000,318.160000,318.170000,318.170000,318.170000,318.170000,318.170000,318.170000,318.170000,318.170000,318.170000,318.170000,318.170000,318.170000,318.170000,318.170000,318.170000,318.170000,318.170000,318.170000,318.170000,318.170000,318.170000,318.170000,318.170000,318.170000,318.160000,318.160000,318.160000,318.150000,318.150000,318.160000,318.160000,318.160000,318.160000,318.160000,318.160000,318.160000,318.160000,318.160000,318.150000,318.150000,318.150000,318.150000,318.150000,318.150000,318.150000,318.150000,318.150000,318.150000,318.150000,318.150000,318.150000,318.150000,318.150000
7,318.150000,318.150000,318.150000,318.150000,318.150000,318.150000,318.150000,318.150000,318.160000,318.160000,318.160000,318.170000,318.170000,318.170000,318.170000,318.170000,318.170000,318.170000,318.170000,318.170000,318.170000,318.170000,318.170000,318.170000,318.170000,318.170000,318.170000,318.170000,318.170000,318.170000,318.170000,318.170000,318.170000,318.170000,318.170000,318.160000,318.160000,318.160000,318.160000,318.160000,318.160000,318.160000,318.160000,318.160000,318.160000,318.160000,318.160000,318.160000,318.160000,318.150000,318.150000,318.150000,318.150000,318.150000,318.150000,318.150000,318.150000,318.150000,318.150000,318.150000,318.150000,318.150000,318.150000,318.150000
8,318.150000,318.150000,318.150000,318.150000,318.150000,318.150000,318.150000,318.150000,318.160000,318.160000,318.170000,318.170000,318.170000,318.170000,318.170000,318.170000,318.170000,318.170000,318.170000,318.170000,318.170000,318.170000,318.170000,318.170000,318.180000,318.180000,318.170000,318.170000,318.170000,318.170000,318.170000,318.170000,318.170000,318.170000,318.170000,318.160000,318.160000,318.160000,318.160000,318.160000,318.160000,318.160000,318.160000,318.160000,318.160000,318.160000,318.160000,318.160000,318.160000,318.160000,318.150000,318.150000,318.150000,318.150000,318.150000,318.150000,318.150000,318.150000,318.150000,318.150000,318.150000,318.150000,318.150000,318.150000
9,318.150000,318.150000,318.150000,318.150000,318.150000,318.150000,318.150000,318.150000,318.160000,318.160000,318.170000,318.170000,318.170000,318.170000,318.170000,318.170000,318.170000,318.170000,318.170000,318.170000,318.170000,318.170000,318.170000,318.180000,318.180000,318.180000,318.180000,318.170000,318.170000,318.170000,318.170000,318.170000,318.170000,318.170000,318.170000,318.160000,318.160000,318.160000,318.160000,318.160000,318.160000,318.160000,318.160000,318.160000,318.160000,318.160000,318.160000,318.160000,318.160000,318.160000,318.150000,318.150000,318.150000,318.150000,318.150000,318.150000,318.150000,318.150000,318.150000,318.150000,318.150000,318.150000,318.150000,318.150000
10,318.150000,318.150000,318.150000,318.150000,318.150000,318.150000,318.150000,318.150000,318.160000,318.160000,318.170000,318.170000,318.170000,318.170000,318.170000,318.170000,318.170000,318.170000,318.170000,318.170000,318.170000,318.170000,318.170000,318.180000,318.180000,318.180000,318.170000,318.170000,318.170000,318.170000,318.170000,318.170000,318.170000,318.170000,318.170000,318.160000,318.160000,318.160000,318.160000,318.160000,318.160000,318.160000,318.160000,318.160000,318.160000,318.160000,318.160000,318.160000,318.160000,318.160000,318.150000,318.150000,318.150000,318.150000,318.150000,318.150000,318.150000,318.150000,318.150000,318.150000,318.150000,318.150000,318.150000,318.150000
11,318.150000,318.150000,318.150000,318.150000,318.150000,318.150000,318.150000,318.150000,318.160000,318.160000,318.170000,318.170000,318.170000,318.170000,318.170000,318.170000,318.170000,318.170000,318.170000,318.170000,318.170000,318.170000,318.170000,318.170000,318.180000,318.170000,318.170000,318.170000,318.170000,318.170000,318.170000,318.170000,318.170000,318.170000,318.170000,318.160000,318.160000,318.160000,318.160000,318.160000,318.160000,318.160000,318.160000,318.160000,318.160000,318.160000,318.160000,318.160000,318.160000,318.160000,318.160000,318.150000,318.150000,318.150000,318.150000,318.150000,318.150000,318.150000,318.150000,318.150000,318.150000,318.150000,318.150000,318.150000
12,318.150000,318.150000,318.150000,318.150000,318.150000,318.150000,318.150000,318.150000,318.160000,318.160000,318.170000,318.170000,318.170000,318.170000,318.170000,318.170000,318.170000,318.170000,318.170000,318.170000,318.170000,318.170000,318.170000,318.170000,318.170000,318.170000,318.170000,318.170000,318.170000,318.180000,318.180000,318.170000,318.170000,318.170000,318.170000,318.160000,318.160000,318.160000,318.160000,318.160000,318.160000,318.160000,318.160000,318.160000,318.160000,318.160000,318.160000,318.160000,318.160000,318.160000,318.160000,318.150000,318.150000,318.150000,318.150000,318.150000,318.150000,318.150000,318.150000,318.150000,318.150000,318.150000,318.150000,318.150000
13,318.150000,318.150000,318.150000,318.150000,318.150000,318.150000,318.150000,318.150000,318.160000,318.160000,318.160000,318.170000,318.170000,318.170000,318.170000,318.170000,318.170000,318.170000,318.170000,318.170000,318.170000,318.170000,318.170000,318.170000,318.170000,318.170000,318.170000,318.170000,318.170000,318.180000,318.180000,318.180000,318.170000,318.170000,318.170000,318.170000,318.160000,318.160000,318.160000,318.160000,318.160000,318.160000,318.160000,318.160000,318.160000,318.160000,318.160000,318.160000,318.160000,318.160000,318.160000,318.160000,318.150000,318.150000,318.150000,318.150000,318.150000,318.150000,318.150000,318.150000,318.150000,318.150000,318.150000,318.150000
14,318.150000,318.150000,318.150000,318.150000,318.150000,318.150000,318.150000,318.150000,318.160000,318.160000,318.160000,318.160000,318.170000,318.170000,318.170000,318.170000,318.170000,318.170000,318.170000,318.170000,318.170000,318.170000,318.170000,318.170000,318.170000,318.170000,318.170000,318.170000,318.170000,318.180000,318.180000,318.180000,318.180000,318.170000,318.170000,318.170000,318.160000,318.160000,318.160000,318.160000,318.160000,318.160000,318.160000,318.160000,318.160000,318.160000,318.160000,318.160000,318.160000,318.160000,318.160000,318.160000,318.150000,318.150000,318.150000,318.150000,318.150000,318.150000,318.150000,318.150000,318.150000,318.150000,318.150000,318.150000
15,318.150000,318.150000,318.150000,318.150000,318.150000,318.150000,318.150000,318.150000,318.160000,318.160000,318.160000,318.160000,318.170000,318.170000,318.170000,318.170000,318.180000,318.180000,318.180000,318.180000,318.180000,318.170000,318.170000,318.170000,318.170000,318.170000,318.170000,318.170000,318.170000,318.180000,318.180000,318.180000,318.180000,318.170000,318.170000,318.170000,318.170000,318.160000,318.160000,318.160000,318.160000,318.160000,318.160000,318.160000,318.160000,318.160000,318.160000,318.160000,318.160000,318.160000,318.160000,318.160000,318.160000,318.150000,318.150000,318.150000,318.150000,318.150000,318.150000,318.150000,318.150000,318.150000,318.150000,318.150000
16,318.150000,318.150000,318.150000,318.150000,318.150000,318.150000,318.150000,318.150000,318.160000,318.160000,318.160000,318.170000,318.170000,318.170000,318.170000,318.180000,318.180000,318.180000,318.180000,318.180000,318.180000,318.180000,318.170000,318.170000,318.170000,318.170000,318.170000,318.170000,318.170000,318.180000,318.180000,318.180000,318.180000,318.180000,318.170000,318.170000,318.170000,318.170000,318.160000,318.160000,318.160000,318.160000,318.160000,318.160000,318.160000,318.160000,318.160000,318.160000,318.160000,318.160000,318.160000,318.160000,318.160000,318.160000,318.150000,318.150000,318.150000,318.150000,318.150000,318.150000,318.150000,318.150000,318.150000,318.150000
17,318.150000,318.150000,318.150000,318.150000,318.150000,318.150000,318.150000,318.160000,318.160000,318.160000,318.170000,318.170000,318.170000,318.170000,318.170000,318.180000,318.180000,318.180000,318.180000,318.180000,318.180000,318.180000,318.180000,318.170000,318.170000,318.170000,318.170000,318.170000,318.170000,318.180000,318.180000,318.180000,318.180000,318.180000,318.170000,318.170000,318.170000,318.170000,318.160000,318.160000,318.160000,318.160000,318.160000,318.160000,318.160000,318.160000,318.160000,318.160000,318.160000,318.160000,318.160000,318.160000,318.160000,318.160000,318.160000,318.160000,318.160000,318.150000,318.150000,318.150000,318.150000,318.150000,318.150000,318.150000
18,318.150000,318.150000,318.150000,318.150000,318.150000,318.150000,318.160000,318.160000,318.160000,318.170000,318.170000,318.170000,318.170000,318.170000,318.170000,318.180000,318.180000,318.180000,318.180000,318.180000,318.180000,318.180000,318.180000,318.170000,318.170000,318.170000,318.170000,318.170000,318.170000,318.180000,318.180000,318.180000,318.180000,318.180000,318.180000,318.170000,318.170000,318.170000,318.170000,318.160000,318.160000,318.160000,318.160000,318.160000,318.160000,318.160000,318.160000,318.160000,318.160000,318.160000,318.160000,318.160000,318.160000,318.160000,318.160000,318.160000,318.160000,318.160000,318.160000,318.150000,318.150000,318.150000,318.150000,318.150000
19,318.150000,318.150000,318.150000,318.150000,318.150000,318.160000,318.160000,318.160000,318.170000,318.170000,318.170000,318.170000,318.170000,318.170000,318.170000,318.180000,318.180000,318.180000,318.180000,318.180000,318.180000,318.180000,318.180000,318.170000,318.170000,318.170000,318.170000,318.170000,318.180000,318.180000,318.180000,318.180000,318.180000,318.180000,318.180000,318.170000,318.170000,318.170000,318.170000,318.160000,318.160000,318.160000,318.160000,318.160000,318.160000,318.160000,318.160000,318.160000,318.160000,318.160000,318.160000,318.160000,318.160000,318.160000,318.160000,318.160000,318.160000,318.160000,318.160000,318.160000,318.150000,318.150000,318.150000,318.150000
20,318.150000,318.150000,318.150000,318.150000,318.150000,318.160000,318.160000,318.170000,318.170000,318.170000,318.170000,318.170000,318.170000,318.170000,318.170000,318.180000,318.180000,318.180000,318.180000,318.180000,318.180000,318.180000,318.180000,318.170000,318.170000,318.170000,318.170000,318.180000,318.180000,318.180000,318.180000,318.180000,318.180000,318.180000,318.170000,318.170000,318.170000,318.170000,318.170000,318.160000,318.160000,318.160000,318.160000,318.160000,318.160000,318.160000,318.160000,318.160000,318.160000,318.160000,318.160000,318.160000,318.160000,318.160000,318.160000,318.160000,318.160000,318.160000,318.160000,318.160000,318.160000,318.160000,318.150000,318.150000
21,318.150000,318.150000,318.150000,318.150000,318.160000,318.160000,318.160000,318.170000,318.170000,318.170000,318.170000,318.170000,318.170000,318.170000,318.170000,318.180000,318.180000,318.180000,318.180000,318.180000,318.180000,318.180000,318.180000,318.170000,318.170000,318.170000,318.180000,318.180000,318.180000,318.180000,318.180000,318.180000,318.170000,318.170000,318.170000,318.170000,318.170000,318.170000,318.160000,318.160000,318.160000,318.160000,318.160000,318.160000,318.160000,318.160000,318.160000,318.160000,318.160000,318.160000,318.160000,318.160000,318.160000,318.160000,318.160000,318.160000,318.160000,318.160000,318.160000,318.160000,318.160000,318.160000,318.160000,318.160000
22,318.150000,318.150000,318.150000,318.150000,318.160000,318.160000,318.170000,318.170000,318.170000,318.170000,318.170000,318.170000,318.170000,318.170000,318.170000,318.170000,318.180000,318.180000,318.180000,318.180000,318.180000,318.180000,318.180000,318.170000,318.170000,318.170000,318.180000,318.180000,318.180000,318.180000,318.180000,318.170000,318.170000,318.170000,318.170000,318.170000,318.170000,318.170000,318.160000,318.160000,318.160000,318.160000,318.160000,318.160000,318.160000,318.160000,318.160000,318.160000,318.160000,318.160000,318.160000,318.160000,318.160000,318.160000,318.160000,318.160000,318.160000,318.160000,318.160000,318.160000,318.160000,318.160000,318.160000,318.160000
23,318.150000,318.150000,318.150000,318.160000,318.160000,318.160000,318.170000,318.170000,318.170000,318.170000,318.170000,318.170000,318.170000,318.170000,318.170000,318.170000,318.170000,318.180000,318.180000,318.180000,318.180000,318.180000,318.180000,318.170000,318.170000,318.170000,318.180000,318.180000,318.180000,318.180000,318.170000,318.170000,318.170000,318.170000,318.170000,318.160000,318.160000,318.160000,318.160000,318.160000,318.160000,318.160000,318.160000,318.160000,318.160000,318.160000,318.160000,318.160000,318.160000,318.160000,318.160000,318.160000,318.160000,318.160000,318.160000,318.160000,318.160000,318.160000,318.160000,318.160000,318.160000,318.160000,318.160000,318.160000
24,318.150000,318.150000,318.150000,318.160000,318.160000,318.170000,318.170000,318.170000,318.170000,318.170000,318.170000,318.170000,318.170000,318.170000,318.170000,318.170000,318.170000,318.170000,318.180000,318.180000,318.180000,318.180000,318.170000,318.170000,318.170000,318.170000,318.180000,318.180000,318.180000,318.170000,318.170000,318.170000,318.170000,318.170000,318.160000,318.160000,318.160000,318.160000,318.160000,318.160000,318.160000,318.160000,318.160000,318.160000,318.160000,318.160000,318.160000,318.160000,318.160000,318.160000,318.160000,318.160000,318.160000,318.160000,318.160000,318.160000,318.160000,318.160000,318.160000,318.160000,318.160000,318.160000,318.160000,318.160000
25,318.150000,318.150000,318.150000,318.160000,318.160000,318.170000,318.170000,318.170000,318.170000,318.170000,318.170000,318.170000,318.170000,318.170000,318.170000,318.170000,318.170000,318.170000,318.170000,318.170000,318.170000,318.170000,318.170000,318.170000,318.170000,318.170000,318.170000,318.170000,318.170000,318.170000,318.170000,318.170000,318.170000,318.160000,318.160000,318.160000,318.160000,318.160000,318.160000,318.160000,318.160000,318.160000,318.160000,318.160000,318.160000,318.160000,318.160000,318.160000,318.160000,318.160000,318.160000,318.160000,318.160000,318.160000,318.160000,318.160000,318.160000,318.160000,318.160000,318.160000,318.160000,318.160000,318.160000,318.160000
26,318.150000,318.150000,318.150000,318.160000,318.160000,318.160000,318.170000,318.170000,318.170000,318.170000,318.170000,318.170000,318.170000,318.170000,318.170000,318.170000,318.170000,318.170000,318.170000,318.170000,318.170000,318.170000,318.170000,318.170000,318.170000,318.170000,318.170000,318.170000,318.170000,318.170000,318.170000,318.170000,318.160000,318.160000,318.160000,318.160000,318.160000,318.160000,318.160000,318.160000,318.160000,318.160000,318.160000,318.160000,318.160000,318.160000,318.160000,318.160000,318.160000,318.160000,318.160000,318.160000,318.160000,318.160000,318.160000,318.160000,318.160000,318.160000,318.160000,318.160000,318.160000,318.160000,318.160000,318.160000
27,318.150000,318.150000,318.150000,318.150000,318.160000,318.160000,318.160000,318.170000,318.170000,318.170000,318.170000,318.170000,318.170000,318.170000,318.170000,318.170000,318.170000,318.170000,318.170000,318.170000,318.170000,318.170000,318.170000,318.170000,318.170000,318.170000,318.170000,318.170000,318.170000,318.170000,318.170000,318.160000,318.160000,318.160000,318.160000,318.160000,318.160000,318.160000,318.160000,318.160000,318.160000,318.160000,318.160000,318.160000,318.160000,318.160000,318.160000,318.160000,318.160000,318.160000,318.160000,318.160000,318.160000,318.160000,318.160000,318.160000,318.160000,318.160000,318.160000,318.160000,318.160000,318.160000,318.160000,318.160000
28,318.150000,318.150000,318.150000,318.150000,318.160000,318.160000,318.160000,318.160000,318.170000,318.170000,318.170000,318.170000,318.170000,318.170000,318.170000,318.170000,318.170000,318.170000,318.170000,318.170000,318.170000,318.170000,318.170000,318.170000,318.170000,318.170000,318.170000,318.170000,318.170000,318.160000,318.160000,318.160000,318.160000,318.160000,318.160000,318.160000,318.160000,318.160000,318.160000,318.160000,318.160000,318.160000,318.160000,318.160000,318.160000,318.160000,318.160000,318.160000,318.160000,318.160000,318.160000,318.160000,318.160000,318.160000,318.160000,318.160000,318.160000,318.160000,318.160000,318.160000,318.160000,318.160000,318.160000,318.160000
29,318.150000,318.150000,318.150000,318.150000,318.160000,318.160000,318.160000,318.160000,318.160000,318.160000,318.170000,318.170000,318.170000,318.170000,318.170000,318.160000,318.170000,318.170000,318.170000,318.170000,318.170000,318.170000,318.160000,318.160000,318.160000,318.160000,318.160000,318.160000,318.160000,318.160000,318.160000,318.160000,318.160000,318.160000,318.160000,318.160000,318.160000,318.160000,318.160000,318.160000,318.160000,318.160000,318.160000,318.160000,318.160000,318.160000,318.160000,318.160000,318.160000,318.160000,318.160000,318.160000,318.160000,318.160000,318.160000,318.160000,318.160000,318.160000,318.160000,318.160000,318.160000,318.160000,318.160000,318.160000
30,318.150000,318.150000,318.150000,318.150000,318.160000,318.160000,318.160000,318.160000,318.160000,318.160000,318.160000,318.160000,318.160000,318.160000,318.160000,318.160000,318.160000,318.160000,318.160000,318.160000,318.160000,318.160000,318.160000,318.160000,318.160000,318.160000,318.160000,318.160000,318.160000,318.160000,318.160000,318.160000,318.160000,318.160000,318.160000,318.160000,318.160000,318.160000,318.160000,318.160000,318.160000,318.160000,318.160000,318.160000,318.160000,318.160000,318.160000,318.160000,318.160000,318.160000,318.160000,318.160000,318.160000,318.160000,318.160000,318.160000,318.160000,318.160000,318.160000,318.160000,318.160000,318.160000,318.160000,318.160000
31,318.150000,318.150000,318.150000,318.150000,318.160000,318.160000,318.160000,318.160000,318.160000,318.160000,318.160000,318.160000,318.160000,318.160000,318.160000,318.160000,318.160000,318.160000,318.160000,318.160000,318.160000,318.160000,318.160000,318.160000,318.160000,318.160000,318.160000,318.160000,318.160000,318.160000,318.160000,318.160000,318.160000,318.160000,318.160000,318.160000,318.160000,318.160000,318.160000,318.160000,318.160000,318.160000,318.160000,318.160000,318.160000,318.160000,318.160000,318.160000,318.160000,318.160000,318.160000,318.160000,318.160000,318.160000,318.160000,318.160000,318.160000,318.160000,318.160000,318.160000,318.160000,318.160000,318.160000,318.160000
32,318.150000,318.150000,318.150000,318.150000,318.160000,318.160000,318.160000,318.160000,318.160000,318.160000,318.160000,318.160000,318.160000,318.160000,318.160000,318.160000,318.160000,318.160000,318.160000,318.160000,318.160000,318.160000,318.160000,318.160000,318.160000,318.160000,318.160000,318.160000,318.160000,318.160000,318.160000,318.160000,318.160000,318.160000,318.160000,318.160000,318.160000,318.160000,318.160000,318.160000,318.160000,318.160000,318.160000,318.160000,318.160000,318.160000,318.160000,318.160000,318.160000,318.160000,318.160000,318.160000,318.160000,318.160000,318.160000,318.160000,318.160000,318.160000,318.160000,318.160000,318.160000,318.160000,318.160000,318.160000
33,318.150000,318.150000,318.150000,318.150000,318.160000,318.160000,318.160000,318.160000,318.160000,318.160000,318.160000,318.160000,318.160000,318.160000,318.160000,318.160000,318.160000,318.160000,318.160000,318.160000,318.160000,318.160000,318.160000,318.160000,318.160000,318.160000,318.160000,318.160000,318.160000,318.160000,318.160000,318.160000,318.160000,318.160000,318.160000,318.160000,318.160000,318.160000,318.160000,318.160000,318.160000,318.160000,318.160000,318.160000,318.160000,318.160000,318.160000,318.160000,318.160000,318.160000,318.160000,318.160000,318.160000,318.160000,318.160000,318.160000,318.160000,318.160000,318.160000,318.160000,318.160000,318.160000,318.160000,318.160000
34,318.150000,318.150000,318.150000,318.150000,318.160000,318.160000,318.160000,318.160000,318.160000,318.160000,318.160000,318.160000,318.160000,318.160000,318.160000,318.160000,318.160000,318.160000,318.160000,318.160000,318.160000,318.160000,318.160000,318.160000,318.160000,318.160000,318.160000,318.160000,318.160000,318.160000,318.160000,318.160000,318.160000,318.160000,318.160000,318.160000,318.160000,318.160000,318.160000,318.160000,318.160000,318.160000,318.160000,318.160000,318.160000,318.160000,318.160000,318.160000,318.160000,318.160000,318.160000,318.160000,318.160000,318.160000,318.160000,318.160000,318.160000,318.160000,318.160000,318.160000,318.160000,318.160000,318.160000,318.160000
35,318.150000,318.150000,318.150000,318.150000,318.150000,318.160000,318.160000,318.160000,318.160000,318.160000,318.160000,318.160000,318.160000,318.160000,318.160000,318.160000,318.160000,318.160000,318.160000,318.160000,318.160000,318.160000,318.160000,318.160000,318.160000,318.160000,318.160000,318.160000,318.160000,318.160000,318.160000,318.160000,318.160000,318.160000,318.160000,318.160000,318.160000,318.160000,318.160000,318.160000,318.160000,318.160000,318.160000,318.160000,318.160000,318.160000,318.160000,318.160000,318.160000,318.160000,318.160000,318.160000,318.160000,318.160000,318.160000,318.160000,318.160000,318.160000,318.160000,318.160000,318.160000,318.160000,318.160000,318.160000
36,318.150000,318.150000,318.150000,318.150000,318.150000,318.160000,318.160000,318.160000,318.160000,318.160000,318.160000,318.160000,318.160000,318.160000,318.160000,318.160000,318.160000,318.160000,318.160000,318.160000,318.160000,318.160000,318.160000,318.160000,318.160000,318.160000,318.160000,318.160000,318.160000,318.160000,318.160000,318.160000,318.160000,318.160000,318.160000,318.160000,318.160000,318.160000,318.160000,318.160000,318.160000,318.160000,318.160000,318.160000,318.160000,318.160000,318.160000,318.160000,318.160000,318.160000,318.160000,318.160000,318.160000,318.160000,318.160000,318.160000,318.160000,318.160000,318.160000,318.160000,318.160000,318.160000,318.160000,318.160000
37,318.150000,318.150000,318.150000,318.150000,318.150000,318.160000,318.160000,318.160000,318.160000,318.160000,318.160000,318.160000,318.160000,318.160000,318.160000,318.160000,318.160000,318.160000,318.160000,318.160000,318.160000,318.160000,318.160000,318.160000,318.160000,318.160000,318.160000,318.160000,318.160000,318.160000,318.160000,318.160000,318.160000,318.160000,318.160000,318.160000,318.160000,318.160000,318.160000,318.160000,318.160000,318.160000,318.160000,318.160000,318.160000,318.160000,318.160000,318.160000,318.160000,318.160000,318.160000,318.160000,318.160000,318.160000,318.160000,318.160000,318.160000,318.160000,318.160000,318.160000,318.160000,318.160000,318.160000,318.160000
38,318.150000,318.150000,318.150000,318.150000,318.160000,318.160000,318.160000,318.160000,318.160000,318.160000,318.160000,318.160000,318.160000,318.160000,318.160000,318.160000,318.160000,318.160000,318.160000,318.160000,318.160000,318.160000,318.160000,318.160000,318.160000,318.160000,318.160000,318.160000,318.160000,318.160000,318.160000,318.160000,318.160000,318.160000,318.160000,318.160000,318.160000,318.160000,318.160000,318.160000,318.160000,318.160000,318.160000,318.160000,318.160000,318.160000,318.160000,318.160000,318.160000,318.160000,318.160000,318.160000,318.160000,318.160000,318.160000,318.160000,318.160000,318.160000,318.160000,318.160000,318.160000,318.160000,318.160000,318.160000
39,318.150000,318.160000,318.160000,318.160000,318.160000,318.160000,318.160000,318.160000,318.160000,318.160000,318.160000,318.160000,318.160000,318.160000,318.160000,318.160000,318.160000,318.160000,318.160000,318.160000,318.160000,318.160000,318.160000,318.160000,318.160000,318.160000,318.160000,318.160000,318.160000,318.160000,318.160000,318.160000,318.160000,318.160000,318.160000,318.160000,318.160000,318.160000,318.160000,318.160000,318.160000,318.160000,318.160000,318.160000,318.160000,318.160000,318.160000,318.160000,318.160000,318.160000,318.160000,318.160000,318.160000,318.160000,318.160000,318.160000,318.160000,318.160000,318.160000,318.160000,318.160000,318.160000,318.160000,318.160000
40,318.160000,318.160000,318.160000,318.160000,318.160000,318.160000,318.160000,318.160000,318.160000,318.160000,318.160000,318.160000,318.160000,318.160000,318.160000,318.160000,318.160000,318.160000,318.160000,318.160000,318.160000,318.160000,318.160000,318.160000,318.160000,318.160000,318.160000,318.160000,318.160000,318.160000,318.160000,318.160000,318.160000,318.160000,318.160000,318.160000,318.160000,318.160000,318.160000,318.160000,318.160000,318.160000,318.160000,318.160000,318.160000,318.160000,318.160000,318.160000,318.160000,318.160000,318.160000,318.160000,318.160000,318.160000,318.160000,318.160000,318.160000,318.160000,318.160000,318.160000,318.160000,318.160000,318.160000,318.160000
41,318.160000,318.160000,318.160000,318.160000,318.160000,318.160000,318.160000,318.160000,318.160000,318.160000,318.160000,318.160000,318.160000,318.160000,318.160000,318.160000,318.160000,318.160000,318.160000,318.160000,318.160000,318.160000,318.160000,318.160000,318.160000,318.160000,318.160000,318.160000,318.160000,318.160000,318.160000,318.160000,318.160000,318.160000,318.160000,318.160000,318.160000,318.160000,318.160000,318.160000,318.160000,318.160000,318.160000,318.160000,318.160000,318.160000,318.160000,318.160000,318.160000,318.160000,318.160000,318.160000,318.160000,318.160000,318.160000,318.160000,318.160000,318.160000,318.160000,318.160000,318.160000,318.160000,318.160000,318.160000
42,318.160000,318.160000,318.160000,318.160000,318.160000,318.160000,318.160000,318.160000,318.160000,318.160000,318.160000,318.160000,318.160000,318.160000,318.160000,318.160000,318.160000,318.160000,318.160000,318.160000,318.160000,318.160000,318.160000,318.160000,318.160000,318.160000,318.160000,318.160000,318.160000,318.160000,318.160000,318.160000,318.160000,318.160000,318.160000,318.160000,318.160000,318.160000,318.160000,318.160000,318.160000,318.160000,318.160000,318.160000,318.160000,318.160000,318.160000,318.160000,318.160000,318.160000,318.160000,318.160000,318.160000,318.160000,318.160000,318.160000,318.160000,318.160000,318.160000,318.160000,318.160000,318.160000,318.160000,318.160000
43,318.150000,318.160000,318.160000,318.160000,318.160000,318.160000,318.160000,318.160000,318.160000,318.160000,318.160000,318.160000,318.160000,318.160000,318.160000,318.160000,318.160000,318.160000,318.160000,318.160000,318.160000,318.160000,318.160000,318.160000,318.160000,318.160000,318.160000,318.160000,318.160000,318.160000,318.160000,318.160000,318.160000,318.160000,318.160000,318.160000,318.160000,318.160000,318.160000,318.160000,318.160000,318.160000,318.160000,318.160000,318.160000,318.160000,318.160000,318.160000,318.160000,318.160000,318.160000,318.160000,318.160000,318.160000,318.160000,318.160000,318.160000,318.160000,318.160000,318.160000,318.160000,318.160000,318.160000,318.160000
44,318.150000,318.160000,318.160000,318.160000,318.160000,318.160000,318.160000,318.160000,318.160000,318.160000,318.160000,318.160000,318.160000,318.160000,318.160000,318.160000,318.160000,318.160000,318.160000,318.160000,318.160000,318.160000,318.160000,318.160000,318.160000,318.160000,318.160000,318.160000,318.160000,318.160000,318.160000,318.160000,318.160000,318.160000,318.160000,318.160000,318.160000,318.160000,318.160000,318.160000,318.160000,318.160000,318.160000,318.160000,318.160000,318.160000,318.160000,318.160000,318.160000,318.160000,318.160000,318.160000,318.160000,318.160000,318.160000,318.160000,318.160000,318.160000,318.160000,318.160000,318.160000,318.160000,318.160000,318.160000
45,318.150000,318.160000,318.160000,318.160000,318.160000,318.160000,318.160000,318.160000,318.160000,318.160000,318.160000,318.160000,318.160000,318.160000,318.160000,318.160000,318.160000,318.160000,318.160000,318.160000,318.160000,318.160000,318.160000,318.160000,318.160000,318.160000,318.160000,318.160000,318.160000,318.160000,318.160000,318.160000,318.160000,318.160000,318.160000,318.160000,318.160000,318.160000,318.160000,318.160000,318.160000,318.160000,318.160000,318.160000,318.160000,318.160000,318.160000,318.160000,318.160000,318.160000,318.160000,318.160000,318.160000,318.160000,318.160000,318.160000,318.160000,318.160000,318.160000,318.160000,318.160000,318.160000,318.160000,318.160000
46,318.150000,318.160000,318.160000,318.160000,318.160000,318.160000,318.160000,318.160000,318.160000,318.160000,318.160000,318.160000,318.160000,318.160000,318.160000,318.160000,318.160000,318.160000,318.160000,318.160000,318.160000,318.160000,318.160000,318.160000,318.160000,318.160000,318.160000,318.160000,318.160000,318.160000,318.160000,318.160000,318.160000,318.160000,318.160000,318.160000,318.160000,318.160000,318.160000,318.160000,318.160000,318.160000,318.160000,318.160000,318.160000,318.160000,318.160000,318.160000,318.160000,318.160000,318.160000,318.160000,318.160000,318.160000,318.160000,318.160000,318.160000,318.160000,318.160000,318.160000,318.160000,318.160000,318.160000,318.160000
47,318.150000,318.160000,318.160000,318.160000,318.160000,318.160000,318.160000,318.160000,318.160000,318.160000,318.160000,318.160000,318.160000,318.160000,318.160000,318.160000,318.160000,318.160000,318.160000,318.160000,318.160000,318.160000,318.160000,318.160000,318.160000,318.160000,318.160000,318.160000,318.160000,318.160000,318.160000,318.160000,318.160000,318.160000,318.160000,318.160000,318.160000,318.160000,318.160000,318.160000,318.160000,318.160000,318.160000,318.160000,318.160000,318.160000,318.160000,318.160000,318.160000,318.160000,318.160000,318.160000,318.160000,318.160000,318.160000,318.160000,318.160000,318.150000,318.150000,318.160000,318.160000,318.160000,318.160000,318.160000
48,318.150000,318.160000,318.160000,318.160000,318.160000,318.160000,318.160000,318.160000,318.160000,318.160000,318.160000,318.160000,318.160000,318.160000,318.160000,318.160000,318.160000,318.160000,318.160000,318.160000,318.160000,318.160000,318.160000,318.160000,318.160000,318.160000,318.160000,318.160000,318.160000,318.160000,318.160000,318.160000,318.160000,318.160000,318.160000,318.160000,318.160000,318.160000,318.160000,318.160000,318.160000,318.160000,318.160000,318.160000,318.160000,318.160000,318.160000,318.160000,318.160000,318.160000,318.160000,318.160000,318.160000,318.160000,318.160000,318.160000,318.150000,318.150000,318.150000,318.160000,318.160000,318.160000,318.160000,318.160000
49,318.150000,318.160000,318.160000,318.160000,318.160000,318.160000,318.160000,318.160000,318.150000,318.150000,318.150000,318.160000,318.160000,318.160000,318.160000,318.160000,318.160000,318.160000,318.160000,318.160000,318.160000,318.160000,318.160000,318.160000,318.160000,318.160000,318.160000,318.160000,318.160000,318.160000,318.160000,318.160000,318.160000,318.160000,318.160000,318.160000,318.160000,318.160000,318.160000,318.160000,318.160000,318.160000,318.160000,318.160000,318.160000,318.160000,318.160000,318.160000,318.160000,318.160000,318.160000,318.160000,318.160000,318.160000,318.160000,318.150000,318.150000,318.150000,318.160000,318.160000,318.160000,318.160000,318.160000,318.150000
50,318.150000,318.150000,318.150000,318.160000,318.160000,318.160000,318.160000,318.150000,318.150000,318.150000,318.150000,318.150000,318.150000,318.160000,318.160000,318.160000,318.160000,318.160000,318.160000,318.160000,318.160000,318.160000,318.160000,318.160000,318.160000,318.160000,318.160000,318.160000,318.160000,318.160000,318.160000,318.160000,318.160000,318.160000,318.160000,318.160000,318.160000,318.160000,318.160000,318.160000,318.160000,318.160000,318.160000,318.160000,318.160000,318.160000,318.160000,318.160000,318.160000,318.160000,318.160000,318.160000,318.160000,318.160000,318.150000,318.150000,318.150000,318.150000,318.160000,318.160000,318.160000,318.160000,318.150000,318.150000
51,318.150000,318.150000,318.150000,318.150000,318.150000,318.150000,318.150000,318.150000,318.150000,318.150000,318.150000,318.150000,318.150000,318.150000,318.150000,318.150000,318.160000,318.160000,318.160000,318.160000,318.160000,318.160000,318.160000,318.160000,318.160000,318.160000,318.160000,318.160000,318.160000,318.160000,318.160000,318.160000,318.160000,318.160000,318.160000,318.160000,318.160000,318.160000,318.160000,318.160000,318.160000,318.160000,318.160000,318.160000,318.160000,318.160000,318.160000,318.160000,318.160000,318.160000,318.160000,318.160000,318.160000,318.160000,318.160000,318.160000,318.160000,318.160000,318.160000,318.160000,318.160000,318.160000,318.150000,318.150000
52,318.150000,318.150000,318.150000,318.150000,318.150000,318.150000,318.150000,318.150000,318.150000,318.150000,318.150000,318.150000,318.150000,318.150000,318.150000,318.150000,318.160000,318.160000,318.160000,318.160000,318.160000,318.160000,318.160000,318.160000,318.160000,318.160000,318.160000,318.160000,318.160000,318.160000,318.160000,318.160000,318.160000,318.160000,318.160000,318.160000,318.160000,318.160000,318.160000,318.160000,318.160000,318.160000,318.160000,318.160000,318.160000,318.160000,318.160000,318.160000,318.160000,318.160000,318.160000,318.160000,318.160000,318.160000,318.160000,318.160000,318.160000,318.160000,318.160000,318.160000,318.160000,318.160000,318.150000,318.150000
53,318.150000,318.150000,318.150000,318.150000,318.150000,318.150000,318.150000,318.150000,318.150000,318.150000,318.150000,318.150000,318.150000,318.150000,318.150000,318.160000,318.160000,318.160000,318.160000,318.160000,318.160000,318.160000,318.160000,318.160000,318.160000,318.160000,318.160000,318.160000,318.160000,318.160000,318.160000,318.160000,318.160000,318.160000,318.160000,318.160000,318.160000,318.160000,318.160000,318.160000,318.160000,318.160000,318.160000,318.160000,318.160000,318.160000,318.160000,318.160000,318.160000,318.160000,318.160000,318.160000,318.160000,318.160000,318.160000,318.160000,318.160000,318.160000,318.160000,318.160000,318.160000,318.150000,318.150000,318.150000
54,318.150000,318.150000,318.150000,318.150000,318.150000,318.150000,318.150000,318.150000,318.150000,318.150000,318.150000,318.150000,318.150000,318.150000,318.150000,318.160000,318.160000,318.160000,318.160000,318.160000,318.160000,318.160000,318.160000,318.160000,318.160000,318.160000,318.160000,318.160000,318.160000,318.160000,318.160000,318.160000,318.160000,318.160000,318.160000,318.160000,318.160000,318.160000,318.160000,318.160000,318.160000,318.160000,318.160000,318.160000,318.160000,318.160000,318.160000,318.150000,318.160000,318.160000,318.160000,318.160000,318.160000,318.160000,318.160000,318.160000,318.160000,318.160000,318.160000,318.160000,318.160000,318.150000,318.150000,318.150000
55,318.150000,318.150000,318.150000,318.150000,318.150000,318.150000,318.150000,318.150000,318.150000,318.150000,318.150000,318.150000,318.150000,318.150000,318.150000,318.150000,318.160000,318.160000,318.160000,318.160000,318.160000,318.160000,318.160000,318.160000,318.160000,318.160000,318.160000,318.160000,318.160000,318.160000,318.160000,318.160000,318.160000,318.160000,318.160000,318.160000,318.160000,318.160000,318.160000,318.160000,318.160000,318.160000,318.160000,318.160000,318.160000,318.150000,318.150000,318.150000,318.150000,318.150000,318.160000,318.160000,318.160000,318.160000,318.160000,318.160000,318.160000,318.160000,318.160000,318.160000,318.160000,318.150000,318.150000,318.150000
56,318.150000,318.150000,318.150000,318.150000,318.150000,318.150000,318.150000,318.150000,318.150000,318.150000,318.150000,318.150000,318.150000,318.150000,318.150000,318.150000,318.160000,318.160000,318.160000,318.160000,318.160000,318.160000,318.160000,318.160000,318.160000,318.160000,318.160000,318.160000,318.160000,318.160000,318.160000,318.160000,318.160000,318.160000,318.160000,318.160000,318.160000,318.160000,318.160000,318.160000,318.160000,318.160000,318.160000,318.160000,318.150000,318.150000,318.150000,318.150000,318.150000,318.150000,318.150000,318.160000,318.160000,318.160000,318.160000,318.160000,318.160000,318.160000,318.160000,318.160000,318.160000,318.150000,318.150000,318.150000
57,318.150000,318.150000,318.150000,318.150000,318.150000,318.150000,318.150000,318.150000,318.150000,318.150000,318.150000,318.150000,318.150000,318.150000,318.150000,318.150000,318.150000,318.160000,318.160000,318.160000,318.160000,318.160000,318.160000,318.160000,318.160000,318.160000,318.160000,318.160000,318.160000,318.160000,318.160000,318.160000,318.160000,318.160000,318.160000,318.160000,318.160000,318.160000,318.160000,318.160000,318.160000,318.160000,318.160000,318.160000,318.150000,318.150000,318.150000,318.150000,318.150000,318.150000,318.150000,318.150000,318.160000,318.160000,318.160000,318.160000,318.160000,318.160000,318.160000,318.160000,318.150000,318.150000,318.150000,318.150000
58,318.150000,318.150000,318.150000,318.150000,318.150000,318.150000,318.150000,318.150000,318.150000,318.150000,318.150000,318.150000,318.150000,318.150000,318.150000,318.150000,318.150000,318.150000,318.160000,318.160000,318.160000,318.160000,318.160000,318.160000,318.160000,318.160000,318.160000,318.150000,318.150000,318.150000,318.150000,318.160000,318.160000,318.160000,318.160000,318.160000,318.160000,318.160000,318.160000,318.160000,318.160000,318.160000,318.160000,318.160000,318.150000,318.150000,318.150000,318.150000,318.150000,318.150000,318.150000,318.150000,318.150000,318.160000,318.160000,318.160000,318.160000,318.160000,318.150000,318.150000,318.150000,318.150000,318.150000,318.150000
59,318.150000,318.150000,318.150000,318.150000,318.150000,318.150000,318.150000,318.150000,318.150000,318.150000,318.150000,318.150000,318.150000,318.150000,318.150000,318.150000,318.150000,318.150000,318.160000,318.160000,318.160000,318.160000,318.160000,318.160000,318.160000,318.160000,318.150000,318.150000,318.150000,318.150000,318.150000,318.150000,318.160000,318.160000,318.160000,318.160000,318.160000,318.160000,318.160000,318.160000,318.160000,318.160000,318.160000,318.160000,318.150000,318.150000,318.150000,318.150000,318.150000,318.150000,318.150000,318.150000,318.150000,318.150000,318.150000,318.150000,318.150000,318.150000,318.150000,318.150000,318.150000,318.150000,318.150000,318.150000
60,318.150000,318.150000,318.150000,318.150000,318.150000,318.150000,318.150000,318.150000,318.150000,318.150000,318.150000,318.150000,318.150000,318.150000,318.150000,318.150000,318.150000,318.150000,318.150000,318.160000,318.160000,318.160000,318.160000,318.160000,318.160000,318.160000,318.150000,318.150000,318.150000,318.150000,318.150000,318.150000,318.160000,318.160000,318.160000,318.160000,318.160000,318.160000,318.160000,318.160000,318.160000,318.160000,318.160000,318.160000,318.150000,318.150000,318.150000,318.150000,318.150000,318.150000,318.150000,318.150000,318.150000,318.150000,318.150000,318.150000,318.150000,318.150000,318.150000,318.150000,318.150000,318.150000,318.150000,318.150000
61,318.150000,318.150000,318.150000,318.150000,318.150000,318.150000,318.150000,318.150000,318.150000,318.150000,318.150000,318.150000,318.150000,318.150000,318.150000,318.150000,318.150000,318.150000,318.150000,318.160000,318.160000,318.160000,318.160000,318.160000,318.160000,318.150000,318.150000,318.150000,318.150000,318.150000,318.150000,318.150000,318.150000,318.160000,318.160000,318.160000,318.160000,318.160000,318.160000,318.160000,318.160000,318.160000,318.160000,318.160000,318.160000,318.150000,318.150000,318.150000,318.150000,318.150000,318.150000,318.150000,318.150000,318.150000,318.150000,318.150000,318.150000,318.150000,318.150000,318.150000,318.150000,318.150000,318.150000,318.150000
62,318.150000,318.150000,318.150000,318.150000,318.150000,318.150000,318.150000,318.150000,318.150000,318.150000,318.150000,318.150000,318.150000,318.150000,318.150000,318.150000,318.150000,318.150000,318.150000,318.150000,318.150000,318.150000,318.150000,318.150000,318.150000,318.150000,318.150000,318.150000,318.150000,318.150000,318.150000,318.150000,318.150000,318.160000,318.160000,318.160000,318.160000,318.160000,318.160000,318.160000,318.160000,318.160000,318.160000,318.160000,318.150000,318.150000,318.150000,318.150000,318.150000,318.150000,318.150000,318.150000,318.150000,318.150000,318.150000,318.150000,318.150000,318.150000,318.150000,318.150000,318.150000,318.150000,318.150000,318.150000
63,318.150000,318.150000,318.150000,318.150000,318.150000,318.150000,318.150000,318.150000,318.150000,318.150000,318.150000,318.150000,318.150000,318.150000,318.150000,318.150000,318.150000,318.150000,318.150000,318.150000,318.150000,318.150000,318.150000,318.150000,318.150000,318.150000,318.150000,318.150000,318.150000,318.150000,318.150000,318.150000,318.150000,318.150000,318.160000,318.160000,318.160000,318.150000,318.150000,318.150000,318.150000,318.150000,318.160000,318.160000,318.150000,318.150000,318.150000,318.150000,318.150000,318.150000,318.150000,318.150000,318.150000,318.150000,318.150000,318.150000,318.150000,318.150000,318.150000,318.150000,318.150000,318.150000,318.150000,318.150000
