instance,master,region,grid_x,grid_y,cell_area,proxy_power_w
mod/_31076_,INVx13_ASAP7_75t_R,gemmini_other,27,12,3.4992,1.80962982574e-05
mod/_33513_,INVx13_ASAP7_75t_R,gemmini_other,25,14,3.4992,1.80962982574e-05
mod/_35247_,INVx13_ASAP7_75t_R,gemmini_other,26,12,3.4992,1.80962982574e-05
mod/_37871_,INVx13_ASAP7_75t_R,gemmini_other,29,16,3.4992,1.80962982574e-05
mod/_38370_,INVx13_ASAP7_75t_R,gemmini_other,26,13,3.4992,1.80962982574e-05
mod/_38465_,INVx13_ASAP7_75t_R,gemmini_other,26,12,3.4992,1.80962982574e-05
mod/_38566_,INVx13_ASAP7_75t_R,gemmini_other,29,11,3.4992,1.80962982574e-05
mod/_38817_,INVx13_ASAP7_75t_R,gemmini_other,29,12,3.4992,1.80962982574e-05
mod/_38947_,INVx13_ASAP7_75t_R,gemmini_other,27,8,3.4992,1.80962982574e-05
mod/_39100_,INVx13_ASAP7_75t_R,gemmini_other,24,18,3.4992,1.80962982574e-05
mod/_52355_,INVx13_ASAP7_75t_R,gemmini_other,31,8,3.4992,1.80962982574e-05
mod/_52434_,INVx13_ASAP7_75t_R,gemmini_other,30,8,3.4992,1.80962982574e-05
mod/_54308_,INVx13_ASAP7_75t_R,gemmini_other,28,8,3.4992,1.80962982574e-05
mod/arb/_1131_,INVx13_ASAP7_75t_R,gemmini_other,21,13,3.4992,1.80962982574e-05
mod/arb/_1468_,INVx13_ASAP7_75t_R,gemmini_other,18,10,3.4992,1.80962982574e-05
mod/arb/_1539_,INVx13_ASAP7_75t_R,gemmini_other,18,10,3.4992,1.80962982574e-05
mod/arb/_1653_,INVx13_ASAP7_75t_R,gemmini_other,18,10,3.4992,1.80962982574e-05
mod/arb/_1670_,INVx13_ASAP7_75t_R,gemmini_other,19,9,3.4992,1.80962982574e-05
mod/arb/_1777_,INVx13_ASAP7_75t_R,gemmini_other,20,10,3.4992,1.80962982574e-05
mod/arb/_1900_,INVx13_ASAP7_75t_R,gemmini_other,16,9,3.4992,1.80962982574e-05
mod/arb/_2111_,INVx13_ASAP7_75t_R,gemmini_other,23,10,3.4992,1.80962982574e-05
mod/arb/_2197_,INVx13_ASAP7_75t_R,gemmini_other,18,12,3.4992,1.80962982574e-05
mod/arb/_2226_,INVx13_ASAP7_75t_R,gemmini_other,20,10,3.4992,1.80962982574e-05
mod/arb/_2230_,INVx13_ASAP7_75t_R,gemmini_other,20,8,3.4992,1.80962982574e-05
mod/arb/_2339_,INVx13_ASAP7_75t_R,gemmini_other,18,9,3.4992,1.80962982574e-05
mod/ex/_100684_,INVx13_ASAP7_75t_R,gemmini_other,27,15,3.4992,1.80962982574e-05
mod/ex/_100807_,INVx13_ASAP7_75t_R,gemmini_other,28,14,3.4992,1.80962982574e-05
mod/ex/_108538_,INVx13_ASAP7_75t_R,gemmini_other,32,16,3.4992,1.80962982574e-05
mod/ex/_109342_,INVx13_ASAP7_75t_R,gemmini_other,31,12,3.4992,1.80962982574e-05
mod/ex/_112309_,INVx13_ASAP7_75t_R,gemmini_other,32,16,3.4992,1.80962982574e-05
mod/ex/_151385_,INVx13_ASAP7_75t_R,gemmini_other,29,22,3.4992,1.80962982574e-05
mod/ex/_161490_,INVx13_ASAP7_75t_R,gemmini_other,26,24,3.4992,1.80962982574e-05
mod/ex/_173480_,INVx13_ASAP7_75t_R,gemmini_other,31,16,3.4992,1.80962982574e-05
mod/ex/_173679_,INVx13_ASAP7_75t_R,gemmini_other,32,16,3.4992,1.80962982574e-05
mod/ex/_176674_,INVx13_ASAP7_75t_R,gemmini_other,35,18,3.4992,1.80962982574e-05
mod/ex/_187566_,INVx13_ASAP7_75t_R,gemmini_other,31,20,3.4992,1.80962982574e-05
mod/ex/_194079_,INVx13_ASAP7_75t_R,gemmini_other,30,16,3.4992,1.80962982574e-05
mod/ex/_194474_,INVx13_ASAP7_75t_R,gemmini_other,29,14,3.4992,1.80962982574e-05
mod/ex/_194650_,INVx13_ASAP7_75t_R,gemmini_other,24,13,3.4992,1.80962982574e-05
mod/ex/_194835_,INVx13_ASAP7_75t_R,gemmini_other,29,12,3.4992,1.80962982574e-05
mod/ex/_196177_,INVx13_ASAP7_75t_R,gemmini_other,31,15,3.4992,1.80962982574e-05
mod/ex/_197086_,INVx13_ASAP7_75t_R,gemmini_other,25,18,3.4992,1.80962982574e-05
mod/ld_bias/_20576_,INVx13_ASAP7_75t_R,gemmini_other,23,8,3.4992,1.80962982574e-05
mod/ld_bias/_20789_,INVx13_ASAP7_75t_R,gemmini_other,25,6,3.4992,1.80962982574e-05
mod/ld_bias/_20899_,INVx13_ASAP7_75t_R,gemmini_other,20,10,3.4992,1.80962982574e-05
mod/ld_bias/_24529_,INVx13_ASAP7_75t_R,gemmini_other,25,7,3.4992,1.80962982574e-05
mod/ld_bias/_27397_,INVx13_ASAP7_75t_R,gemmini_other,24,5,3.4992,1.80962982574e-05
mod/ld_bias/_36071_,INVx13_ASAP7_75t_R,gemmini_other,21,13,3.4992,1.80962982574e-05
mod/ld_input/_45840_,INVx13_ASAP7_75t_R,gemmini_other,33,6,3.4992,1.80962982574e-05
mod/ld_input/_47983_,INVx13_ASAP7_75t_R,gemmini_other,31,7,3.4992,1.80962982574e-05
mod/ld_input/_61058_,INVx13_ASAP7_75t_R,gemmini_other,30,3,3.4992,1.80962982574e-05
mod/ld_input/_67302_,INVx13_ASAP7_75t_R,gemmini_other,28,2,3.4992,1.80962982574e-05
mod/ld_input/_73308_,INVx13_ASAP7_75t_R,gemmini_other,25,5,3.4992,1.80962982574e-05
mod/ld_input/_77795_,INVx13_ASAP7_75t_R,gemmini_other,23,5,3.4992,1.80962982574e-05
mod/ld_input/command_p/_2062_,INVx13_ASAP7_75t_R,gemmini_other,21,6,3.4992,1.80962982574e-05
mod/ld_weights/_086862_,INVx13_ASAP7_75t_R,gemmini_other,14,15,3.4992,1.80962982574e-05
mod/ld_weights/_098849_,INVx13_ASAP7_75t_R,gemmini_other,23,16,3.4992,1.80962982574e-05
mod/ld_weights/_103343_,INVx13_ASAP7_75t_R,gemmini_other,15,21,3.4992,1.80962982574e-05
mod/ld_weights/_137713_,INVx13_ASAP7_75t_R,gemmini_other,22,24,3.4992,1.80962982574e-05
mod/ld_weights/_158647_,INVx13_ASAP7_75t_R,gemmini_other,15,14,3.4992,1.80962982574e-05
mod/st/_54011_,INVx13_ASAP7_75t_R,gemmini_other,10,9,3.4992,1.80962982574e-05
mod/st/_62955_,INVx13_ASAP7_75t_R,gemmini_other,12,7,3.4992,1.80962982574e-05
mod/st/_66143_,INVx13_ASAP7_75t_R,gemmini_other,17,1,3.4992,1.80962982574e-05
mod/st/_73033_,INVx13_ASAP7_75t_R,gemmini_other,16,7,3.4992,1.80962982574e-05
mod/st/_80844_,INVx13_ASAP7_75t_R,gemmini_other,12,7,3.4992,1.80962982574e-05
mod/st/_87830_,INVx13_ASAP7_75t_R,gemmini_other,14,8,3.4992,1.80962982574e-05
mod_1/_06300_,INVx13_ASAP7_75t_R,gemmini_other,10,21,3.4992,1.80962982574e-05
mod_1/_06574_,INVx13_ASAP7_75t_R,gemmini_other,11,25,3.4992,1.80962982574e-05
mod_1/arb/_1191_,INVx13_ASAP7_75t_R,gemmini_other,8,23,3.4992,1.80962982574e-05
mod_1/arb/_1729_,INVx13_ASAP7_75t_R,gemmini_other,8,24,3.4992,1.80962982574e-05
mod_1/arb/_2078_,INVx13_ASAP7_75t_R,gemmini_other,7,22,3.4992,1.80962982574e-05
mod_1/arb/_2085_,INVx13_ASAP7_75t_R,gemmini_other,7,21,3.4992,1.80962982574e-05
mod_1/arb/_2100_,INVx13_ASAP7_75t_R,gemmini_other,8,24,3.4992,1.80962982574e-05
mod_1/arb/_2230_,INVx13_ASAP7_75t_R,gemmini_other,9,24,3.4992,1.80962982574e-05
mod_1/ex/_08352_,INVx13_ASAP7_75t_R,gemmini_other,10,26,3.4992,1.80962982574e-05
mod_1/ex/_12325_,INVx13_ASAP7_75t_R,gemmini_other,12,26,3.4992,1.80962982574e-05
mod_1/ldA/_05580_,INVx13_ASAP7_75t_R,gemmini_other,11,18,3.4992,1.80962982574e-05
mod_1/ldA/_05838_,INVx13_ASAP7_75t_R,gemmini_other,11,19,3.4992,1.80962982574e-05
mod_1/ldA/_05921_,INVx13_ASAP7_75t_R,gemmini_other,11,18,3.4992,1.80962982574e-05
mod_1/ldA/_06116_,INVx13_ASAP7_75t_R,gemmini_other,11,18,3.4992,1.80962982574e-05
mod_1/ldB/_06692_,INVx13_ASAP7_75t_R,gemmini_other,13,20,3.4992,1.80962982574e-05
mod_1/ldB/_09027_,INVx13_ASAP7_75t_R,gemmini_other,14,23,3.4992,1.80962982574e-05
mod_1/ldB/_10725_,INVx13_ASAP7_75t_R,gemmini_other,12,23,3.4992,1.80962982574e-05
mod_1/ldD/_05148_,INVx13_ASAP7_75t_R,gemmini_other,8,18,3.4992,1.80962982574e-05
mod_1/ldab_arb/_667_,INVx13_ASAP7_75t_R,gemmini_other,13,19,3.4992,1.80962982574e-05
mod_1/stC/_09582_,INVx13_ASAP7_75t_R,gemmini_other,6,26,3.4992,1.80962982574e-05
mod_1/stC/_09659_,INVx13_ASAP7_75t_R,gemmini_other,5,27,3.4992,1.80962982574e-05
mod_1/stC/_09706_,INVx13_ASAP7_75t_R,gemmini_other,5,27,3.4992,1.80962982574e-05
mod_1/stC/_16940_,INVx13_ASAP7_75t_R,gemmini_other,7,23,3.4992,1.80962982574e-05
mod_1/stC/_18476_,INVx13_ASAP7_75t_R,gemmini_other,8,25,3.4992,1.80962982574e-05
mod/_30897_,INVx11_ASAP7_75t_R,gemmini_other,28,12,3.03264,1.56834584897e-05
mod/_36909_,INVx11_ASAP7_75t_R,gemmini_other,26,12,3.03264,1.56834584897e-05
mod/_37913_,INVx11_ASAP7_75t_R,gemmini_other,30,12,3.03264,1.56834584897e-05
mod/_38122_,INVx11_ASAP7_75t_R,gemmini_other,23,17,3.03264,1.56834584897e-05
mod/_38192_,INVx11_ASAP7_75t_R,gemmini_other,22,18,3.03264,1.56834584897e-05
mod/_38592_,INVx11_ASAP7_75t_R,gemmini_other,28,12,3.03264,1.56834584897e-05
mod/_38832_,INVx11_ASAP7_75t_R,gemmini_other,29,12,3.03264,1.56834584897e-05
mod/_38846_,INVx11_ASAP7_75t_R,gemmini_other,29,13,3.03264,1.56834584897e-05
mod/_38890_,INVx11_ASAP7_75t_R,gemmini_other,30,13,3.03264,1.56834584897e-05
mod/_39017_,INVx11_ASAP7_75t_R,gemmini_other,27,8,3.03264,1.56834584897e-05
mod/_39495_,INVx11_ASAP7_75t_R,gemmini_other,26,12,3.03264,1.56834584897e-05
mod/_42465_,INVx11_ASAP7_75t_R,gemmini_other,28,8,3.03264,1.56834584897e-05
mod/_42579_,INVx11_ASAP7_75t_R,gemmini_other,12,15,3.03264,1.56834584897e-05
mod/_42592_,INVx11_ASAP7_75t_R,gemmini_other,12,15,3.03264,1.56834584897e-05
mod/_42681_,INVx11_ASAP7_75t_R,gemmini_other,17,11,3.03264,1.56834584897e-05
mod/_42707_,INVx11_ASAP7_75t_R,gemmini_other,18,12,3.03264,1.56834584897e-05
mod/_42747_,INVx11_ASAP7_75t_R,gemmini_other,15,12,3.03264,1.56834584897e-05
mod/_42863_,INVx11_ASAP7_75t_R,gemmini_other,22,13,3.03264,1.56834584897e-05
mod/_45150_,INVx11_ASAP7_75t_R,gemmini_other,31,12,3.03264,1.56834584897e-05
mod/_50215_,INVx11_ASAP7_75t_R,gemmini_other,24,18,3.03264,1.56834584897e-05
mod/arb/_1175_,INVx11_ASAP7_75t_R,gemmini_other,18,12,3.03264,1.56834584897e-05
mod/arb/_1185_,INVx11_ASAP7_75t_R,gemmini_other,18,12,3.03264,1.56834584897e-05
mod/arb/_1191_,INVx11_ASAP7_75t_R,gemmini_other,18,12,3.03264,1.56834584897e-05
mod/arb/_1459_,INVx11_ASAP7_75t_R,gemmini_other,20,13,3.03264,1.56834584897e-05
mod/arb/_1487_,INVx11_ASAP7_75t_R,gemmini_other,19,12,3.03264,1.56834584897e-05
mod/arb/_1527_,INVx11_ASAP7_75t_R,gemmini_other,22,11,3.03264,1.56834584897e-05
mod/arb/_1592_,INVx11_ASAP7_75t_R,gemmini_other,13,15,3.03264,1.56834584897e-05
mod/arb/_1664_,INVx11_ASAP7_75t_R,gemmini_other,21,12,3.03264,1.56834584897e-05
mod/arb/_1750_,INVx11_ASAP7_75t_R,gemmini_other,19,9,3.03264,1.56834584897e-05
mod/arb/_1813_,INVx11_ASAP7_75t_R,gemmini_other,16,10,3.03264,1.56834584897e-05
mod/arb/_1853_,INVx11_ASAP7_75t_R,gemmini_other,16,10,3.03264,1.56834584897e-05
mod/arb/_1862_,INVx11_ASAP7_75t_R,gemmini_other,15,10,3.03264,1.56834584897e-05
mod/arb/_1944_,INVx11_ASAP7_75t_R,gemmini_other,15,10,3.03264,1.56834584897e-05
mod/arb/_2001_,INVx11_ASAP7_75t_R,gemmini_other,18,10,3.03264,1.56834584897e-05
mod/arb/_2088_,INVx11_ASAP7_75t_R,gemmini_other,21,13,3.03264,1.56834584897e-05
mod/arb/_2117_,INVx11_ASAP7_75t_R,gemmini_other,21,13,3.03264,1.56834584897e-05
mod/arb/_2160_,INVx11_ASAP7_75t_R,gemmini_other,23,12,3.03264,1.56834584897e-05
mod/arb/_2201_,INVx11_ASAP7_75t_R,gemmini_other,22,12,3.03264,1.56834584897e-05
mod/arb/_2212_,INVx11_ASAP7_75t_R,gemmini_other,19,10,3.03264,1.56834584897e-05
mod/arb/_2240_,INVx11_ASAP7_75t_R,gemmini_other,21,11,3.03264,1.56834584897e-05
mod/arb/_2292_,INVx11_ASAP7_75t_R,gemmini_other,20,10,3.03264,1.56834584897e-05
mod/arb/_2303_,INVx11_ASAP7_75t_R,gemmini_other,20,10,3.03264,1.56834584897e-05
mod/arb/_2330_,INVx11_ASAP7_75t_R,gemmini_other,19,10,3.03264,1.56834584897e-05
mod/arb/_2367_,INVx11_ASAP7_75t_R,gemmini_other,18,12,3.03264,1.56834584897e-05
mod/ex/_098828_,INVx11_ASAP7_75t_R,gemmini_other,28,17,3.03264,1.56834584897e-05
mod/ex/_099850_,INVx11_ASAP7_75t_R,gemmini_other,27,15,3.03264,1.56834584897e-05
mod/ex/_099968_,INVx11_ASAP7_75t_R,gemmini_other,27,15,3.03264,1.56834584897e-05
mod/ex/_100999_,INVx11_ASAP7_75t_R,gemmini_other,29,16,3.03264,1.56834584897e-05
mod/ex/_104685_,INVx11_ASAP7_75t_R,gemmini_other,34,16,3.03264,1.56834584897e-05
mod/ex/_104690_,INVx11_ASAP7_75t_R,gemmini_other,31,15,3.03264,1.56834584897e-05
mod/ex/_105499_,INVx11_ASAP7_75t_R,gemmini_other,27,15,3.03264,1.56834584897e-05
mod/ex/_107455_,INVx11_ASAP7_75t_R,gemmini_other,33,15,3.03264,1.56834584897e-05
mod/ex/_109259_,INVx11_ASAP7_75t_R,gemmini_other,32,12,3.03264,1.56834584897e-05
mod/ex/_109344_,INVx11_ASAP7_75t_R,gemmini_other,32,12,3.03264,1.56834584897e-05
mod/ex/_112571_,INVx11_ASAP7_75t_R,gemmini_other,31,12,3.03264,1.56834584897e-05
mod/ex/_114572_,INVx11_ASAP7_75t_R,gemmini_other,31,27,3.03264,1.56834584897e-05
mod/ex/_115760_,INVx11_ASAP7_75t_R,gemmini_other,25,17,3.03264,1.56834584897e-05
mod/ex/_116254_,INVx11_ASAP7_75t_R,gemmini_other,24,18,3.03264,1.56834584897e-05
mod/ex/_117459_,INVx11_ASAP7_75t_R,gemmini_other,24,18,3.03264,1.56834584897e-05
mod/ex/_121659_,INVx11_ASAP7_75t_R,gemmini_other,24,27,3.03264,1.56834584897e-05
mod/ex/_125217_,INVx11_ASAP7_75t_R,gemmini_other,24,25,3.03264,1.56834584897e-05
mod/ex/_127143_,INVx11_ASAP7_75t_R,gemmini_other,25,19,3.03264,1.56834584897e-05
mod/ex/_127495_,INVx11_ASAP7_75t_R,gemmini_other,26,20,3.03264,1.56834584897e-05
mod/ex/_127669_,INVx11_ASAP7_75t_R,gemmini_other,26,21,3.03264,1.56834584897e-05
mod/ex/_135851_,INVx11_ASAP7_75t_R,gemmini_other,25,27,3.03264,1.56834584897e-05
mod/ex/_137740_,INVx11_ASAP7_75t_R,gemmini_other,26,26,3.03264,1.56834584897e-05
mod/ex/_140679_,INVx11_ASAP7_75t_R,gemmini_other,29,21,3.03264,1.56834584897e-05
mod/ex/_147403_,INVx11_ASAP7_75t_R,gemmini_other,28,26,3.03264,1.56834584897e-05
mod/ex/_148146_,INVx11_ASAP7_75t_R,gemmini_other,28,26,3.03264,1.56834584897e-05
mod/ex/_148606_,INVx11_ASAP7_75t_R,gemmini_other,31,23,3.03264,1.56834584897e-05
mod/ex/_149405_,INVx11_ASAP7_75t_R,gemmini_other,31,23,3.03264,1.56834584897e-05
mod/ex/_150069_,INVx11_ASAP7_75t_R,gemmini_other,30,26,3.03264,1.56834584897e-05
mod/ex/_150897_,INVx11_ASAP7_75t_R,gemmini_other,31,23,3.03264,1.56834584897e-05
mod/ex/_153763_,INVx11_ASAP7_75t_R,gemmini_other,30,21,3.03264,1.56834584897e-05
mod/ex/_162876_,INVx11_ASAP7_75t_R,gemmini_other,26,24,3.03264,1.56834584897e-05
mod/ex/_166725_,INVx11_ASAP7_75t_R,gemmini_other,29,22,3.03264,1.56834584897e-05
mod/ex/_168664_,INVx11_ASAP7_75t_R,gemmini_other,25,13,3.03264,1.56834584897e-05
mod/ex/_168667_,INVx11_ASAP7_75t_R,gemmini_other,24,13,3.03264,1.56834584897e-05
mod/ex/_168715_,INVx11_ASAP7_75t_R,gemmini_other,24,13,3.03264,1.56834584897e-05
mod/ex/_168717_,INVx11_ASAP7_75t_R,gemmini_other,25,14,3.03264,1.56834584897e-05
mod/ex/_168810_,INVx11_ASAP7_75t_R,gemmini_other,25,16,3.03264,1.56834584897e-05
mod/ex/_168834_,INVx11_ASAP7_75t_R,gemmini_other,25,13,3.03264,1.56834584897e-05
mod/ex/_168898_,INVx11_ASAP7_75t_R,gemmini_other,22,20,3.03264,1.56834584897e-05
mod/ex/_168903_,INVx11_ASAP7_75t_R,gemmini_other,23,19,3.03264,1.56834584897e-05
mod/ex/_168914_,INVx11_ASAP7_75t_R,gemmini_other,24,18,3.03264,1.56834584897e-05
mod/ex/_168929_,INVx11_ASAP7_75t_R,gemmini_other,25,18,3.03264,1.56834584897e-05
mod/ex/_168944_,INVx11_ASAP7_75t_R,gemmini_other,22,20,3.03264,1.56834584897e-05
mod/ex/_168949_,INVx11_ASAP7_75t_R,gemmini_other,23,19,3.03264,1.56834584897e-05
mod/ex/_168954_,INVx11_ASAP7_75t_R,gemmini_other,23,20,3.03264,1.56834584897e-05
mod/ex/_168959_,INVx11_ASAP7_75t_R,gemmini_other,33,19,3.03264,1.56834584897e-05
mod/ex/_169584_,INVx11_ASAP7_75t_R,gemmini_other,30,21,3.03264,1.56834584897e-05
mod/ex/_172304_,INVx11_ASAP7_75t_R,gemmini_other,34,15,3.03264,1.56834584897e-05
mod/ex/_174951_,INVx11_ASAP7_75t_R,gemmini_other,37,21,3.03264,1.56834584897e-05
mod/ex/_176326_,INVx11_ASAP7_75t_R,gemmini_other,36,18,3.03264,1.56834584897e-05
mod/ex/_179161_,INVx11_ASAP7_75t_R,gemmini_other,31,18,3.03264,1.56834584897e-05
mod/ex/_180810_,INVx11_ASAP7_75t_R,gemmini_other,32,16,3.03264,1.56834584897e-05
mod/ex/_182633_,INVx11_ASAP7_75t_R,gemmini_other,36,20,3.03264,1.56834584897e-05
mod/ex/_183211_,INVx11_ASAP7_75t_R,gemmini_other,35,21,3.03264,1.56834584897e-05
mod/ex/_183856_,INVx11_ASAP7_75t_R,gemmini_other,35,20,3.03264,1.56834584897e-05
mod/ex/_184478_,INVx11_ASAP7_75t_R,gemmini_other,35,19,3.03264,1.56834584897e-05
mod/ex/_185460_,INVx11_ASAP7_75t_R,gemmini_other,34,19,3.03264,1.56834584897e-05
mod/ex/_186966_,INVx11_ASAP7_75t_R,gemmini_other,31,20,3.03264,1.56834584897e-05
mod/ex/_190499_,INVx11_ASAP7_75t_R,gemmini_other,36,19,3.03264,1.56834584897e-05
mod/ex/_190824_,INVx11_ASAP7_75t_R,gemmini_other,37,19,3.03264,1.56834584897e-05
mod/ex/_190916_,INVx11_ASAP7_75t_R,gemmini_other,37,19,3.03264,1.56834584897e-05
mod/ex/_191359_,INVx11_ASAP7_75t_R,gemmini_other,36,19,3.03264,1.56834584897e-05
mod/ex/_191754_,INVx11_ASAP7_75t_R,gemmini_other,34,18,3.03264,1.56834584897e-05
mod/ex/_193242_,INVx11_ASAP7_75t_R,gemmini_other,27,15,3.03264,1.56834584897e-05
mod/ex/_193432_,INVx11_ASAP7_75t_R,gemmini_other,26,15,3.03264,1.56834584897e-05
mod/ex/_194322_,INVx11_ASAP7_75t_R,gemmini_other,31,17,3.03264,1.56834584897e-05
mod/ex/_194537_,INVx11_ASAP7_75t_R,gemmini_other,28,17,3.03264,1.56834584897e-05
mod/ex/_194604_,INVx11_ASAP7_75t_R,gemmini_other,27,17,3.03264,1.56834584897e-05
mod/ex/_194662_,INVx11_ASAP7_75t_R,gemmini_other,26,17,3.03264,1.56834584897e-05
mod/ex/_194682_,INVx11_ASAP7_75t_R,gemmini_other,26,17,3.03264,1.56834584897e-05
mod/ex/_194829_,INVx11_ASAP7_75t_R,gemmini_other,29,12,3.03264,1.56834584897e-05
mod/ex/_194832_,INVx11_ASAP7_75t_R,gemmini_other,29,12,3.03264,1.56834584897e-05
mod/ex/_194841_,INVx11_ASAP7_75t_R,gemmini_other,29,12,3.03264,1.56834584897e-05
mod/ex/_194879_,INVx11_ASAP7_75t_R,gemmini_other,22,20,3.03264,1.56834584897e-05
mod/ex/_194888_,INVx11_ASAP7_75t_R,gemmini_other,22,20,3.03264,1.56834584897e-05
mod/ex/_194911_,INVx11_ASAP7_75t_R,gemmini_other,30,16,3.03264,1.56834584897e-05
mod/ex/_194917_,INVx11_ASAP7_75t_R,gemmini_other,31,16,3.03264,1.56834584897e-05
mod/ex/_194929_,INVx11_ASAP7_75t_R,gemmini_other,29,16,3.03264,1.56834584897e-05
mod/ex/_194932_,INVx11_ASAP7_75t_R,gemmini_other,29,16,3.03264,1.56834584897e-05
mod/ex/_194937_,INVx11_ASAP7_75t_R,gemmini_other,29,16,3.03264,1.56834584897e-05
mod/ex/_195008_,INVx11_ASAP7_75t_R,gemmini_other,24,19,3.03264,1.56834584897e-05
mod/ex/_195054_,INVx11_ASAP7_75t_R,gemmini_other,25,18,3.03264,1.56834584897e-05
mod/ex/_195113_,INVx11_ASAP7_75t_R,gemmini_other,33,19,3.03264,1.56834584897e-05
mod/ex/_195132_,INVx11_ASAP7_75t_R,gemmini_other,34,12,3.03264,1.56834584897e-05
mod/ex/_195295_,INVx11_ASAP7_75t_R,gemmini_other,29,17,3.03264,1.56834584897e-05
mod/ld_bias/_19381_,INVx11_ASAP7_75t_R,gemmini_other,22,8,3.03264,1.56834584897e-05
mod/ld_bias/_19842_,INVx11_ASAP7_75t_R,gemmini_other,21,8,3.03264,1.56834584897e-05
mod/ld_bias/_20004_,INVx11_ASAP7_75t_R,gemmini_other,22,9,3.03264,1.56834584897e-05
mod/ld_bias/_20552_,INVx11_ASAP7_75t_R,gemmini_other,23,7,3.03264,1.56834584897e-05
mod/ld_bias/_21264_,INVx11_ASAP7_75t_R,gemmini_other,21,10,3.03264,1.56834584897e-05
mod/ld_bias/_27313_,INVx11_ASAP7_75t_R,gemmini_other,24,6,3.03264,1.56834584897e-05
mod/ld_bias/_27598_,INVx11_ASAP7_75t_R,gemmini_other,23,7,3.03264,1.56834584897e-05
mod/ld_bias/_28403_,INVx11_ASAP7_75t_R,gemmini_other,24,7,3.03264,1.56834584897e-05
mod/ld_bias/_28558_,INVx11_ASAP7_75t_R,gemmini_other,23,8,3.03264,1.56834584897e-05
mod/ld_bias/_28633_,INVx11_ASAP7_75t_R,gemmini_other,25,7,3.03264,1.56834584897e-05
mod/ld_bias/_35648_,INVx11_ASAP7_75t_R,gemmini_other,23,13,3.03264,1.56834584897e-05
mod/ld_bias/_35660_,INVx11_ASAP7_75t_R,gemmini_other,23,13,3.03264,1.56834584897e-05
mod/ld_bias/_35668_,INVx11_ASAP7_75t_R,gemmini_other,23,13,3.03264,1.56834584897e-05
mod/ld_input/_41604_,INVx11_ASAP7_75t_R,gemmini_other,32,4,3.03264,1.56834584897e-05
mod/ld_input/_41723_,INVx11_ASAP7_75t_R,gemmini_other,27,6,3.03264,1.56834584897e-05
mod/ld_input/_46286_,INVx11_ASAP7_75t_R,gemmini_other,33,7,3.03264,1.56834584897e-05
mod/ld_input/_50375_,INVx11_ASAP7_75t_R,gemmini_other,27,3,3.03264,1.56834584897e-05
mod/ld_input/_51781_,INVx11_ASAP7_75t_R,gemmini_other,34,9,3.03264,1.56834584897e-05
mod/ld_input/_53186_,INVx11_ASAP7_75t_R,gemmini_other,31,6,3.03264,1.56834584897e-05
mod/ld_input/_54742_,INVx11_ASAP7_75t_R,gemmini_other,34,5,3.03264,1.56834584897e-05
mod/ld_input/_59275_,INVx11_ASAP7_75t_R,gemmini_other,32,7,3.03264,1.56834584897e-05
mod/ld_input/_62968_,INVx11_ASAP7_75t_R,gemmini_other,31,6,3.03264,1.56834584897e-05
mod/ld_input/_63887_,INVx11_ASAP7_75t_R,gemmini_other,30,1,3.03264,1.56834584897e-05
mod/ld_input/_64694_,INVx11_ASAP7_75t_R,gemmini_other,31,3,3.03264,1.56834584897e-05
mod/ld_input/_72574_,INVx11_ASAP7_75t_R,gemmini_other,25,5,3.03264,1.56834584897e-05
mod/ld_input/_72914_,INVx11_ASAP7_75t_R,gemmini_other,25,5,3.03264,1.56834584897e-05
mod/ld_input/_77686_,INVx11_ASAP7_75t_R,gemmini_other,21,11,3.03264,1.56834584897e-05
mod/ld_input/_77783_,INVx11_ASAP7_75t_R,gemmini_other,21,5,3.03264,1.56834584897e-05
mod/ld_input/_77805_,INVx11_ASAP7_75t_R,gemmini_other,22,5,3.03264,1.56834584897e-05
mod/ld_input/_77811_,INVx11_ASAP7_75t_R,gemmini_other,22,5,3.03264,1.56834584897e-05
mod/ld_input/_77815_,INVx11_ASAP7_75t_R,gemmini_other,22,5,3.03264,1.56834584897e-05
mod/ld_input/_77994_,INVx11_ASAP7_75t_R,gemmini_other,22,12,3.03264,1.56834584897e-05
mod/ld_input/_80167_,INVx11_ASAP7_75t_R,gemmini_other,32,9,3.03264,1.56834584897e-05
mod/ld_input/_80195_,INVx11_ASAP7_75t_R,gemmini_other,32,9,3.03264,1.56834584897e-05
mod/ld_input/command_p/_2060_,INVx11_ASAP7_75t_R,gemmini_other,21,6,3.03264,1.56834584897e-05
mod/ld_input/command_p/_2061_,INVx11_ASAP7_75t_R,gemmini_other,21,6,3.03264,1.56834584897e-05
mod/ld_weights/_081279_,INVx11_ASAP7_75t_R,gemmini_other,14,15,3.03264,1.56834584897e-05
mod/ld_weights/_081976_,INVx11_ASAP7_75t_R,gemmini_other,14,17,3.03264,1.56834584897e-05
mod/ld_weights/_083051_,INVx11_ASAP7_75t_R,gemmini_other,20,19,3.03264,1.56834584897e-05
mod/ld_weights/_084124_,INVx11_ASAP7_75t_R,gemmini_other,16,17,3.03264,1.56834584897e-05
mod/ld_weights/_086160_,INVx11_ASAP7_75t_R,gemmini_other,15,16,3.03264,1.56834584897e-05
mod/ld_weights/_086296_,INVx11_ASAP7_75t_R,gemmini_other,15,16,3.03264,1.56834584897e-05
mod/ld_weights/_088450_,INVx11_ASAP7_75t_R,gemmini_other,20,15,3.03264,1.56834584897e-05
mod/ld_weights/_088869_,INVx11_ASAP7_75t_R,gemmini_other,22,17,3.03264,1.56834584897e-05
mod/ld_weights/_092461_,INVx11_ASAP7_75t_R,gemmini_other,18,17,3.03264,1.56834584897e-05
mod/ld_weights/_092683_,INVx11_ASAP7_75t_R,gemmini_other,18,16,3.03264,1.56834584897e-05
mod/ld_weights/_092809_,INVx11_ASAP7_75t_R,gemmini_other,18,16,3.03264,1.56834584897e-05
mod/ld_weights/_094508_,INVx11_ASAP7_75t_R,gemmini_other,21,17,3.03264,1.56834584897e-05
mod/ld_weights/_094826_,INVx11_ASAP7_75t_R,gemmini_other,21,16,3.03264,1.56834584897e-05
mod/ld_weights/_095631_,INVx11_ASAP7_75t_R,gemmini_other,19,16,3.03264,1.56834584897e-05
mod/ld_weights/_096292_,INVx11_ASAP7_75t_R,gemmini_other,20,15,3.03264,1.56834584897e-05
mod/ld_weights/_097275_,INVx11_ASAP7_75t_R,gemmini_other,21,17,3.03264,1.56834584897e-05
mod/ld_weights/_098810_,INVx11_ASAP7_75t_R,gemmini_other,22,15,3.03264,1.56834584897e-05
mod/ld_weights/_099173_,INVx11_ASAP7_75t_R,gemmini_other,23,16,3.03264,1.56834584897e-05
mod/ld_weights/_102159_,INVx11_ASAP7_75t_R,gemmini_other,18,13,3.03264,1.56834584897e-05
mod/ld_weights/_102182_,INVx11_ASAP7_75t_R,gemmini_other,18,13,3.03264,1.56834584897e-05
mod/ld_weights/_102197_,INVx11_ASAP7_75t_R,gemmini_other,14,13,3.03264,1.56834584897e-05
mod/ld_weights/_102201_,INVx11_ASAP7_75t_R,gemmini_other,14,13,3.03264,1.56834584897e-05
mod/ld_weights/_102386_,INVx11_ASAP7_75t_R,gemmini_other,23,13,3.03264,1.56834584897e-05
mod/ld_weights/_102402_,INVx11_ASAP7_75t_R,gemmini_other,23,12,3.03264,1.56834584897e-05
mod/ld_weights/_102947_,INVx11_ASAP7_75t_R,gemmini_other,20,20,3.03264,1.56834584897e-05
mod/ld_weights/_104478_,INVx11_ASAP7_75t_R,gemmini_other,17,20,3.03264,1.56834584897e-05
mod/ld_weights/_105565_,INVx11_ASAP7_75t_R,gemmini_other,18,19,3.03264,1.56834584897e-05
mod/ld_weights/_107072_,INVx11_ASAP7_75t_R,gemmini_other,18,26,3.03264,1.56834584897e-05
mod/ld_weights/_112770_,INVx11_ASAP7_75t_R,gemmini_other,19,26,3.03264,1.56834584897e-05
mod/ld_weights/_112908_,INVx11_ASAP7_75t_R,gemmini_other,20,25,3.03264,1.56834584897e-05
mod/ld_weights/_122413_,INVx11_ASAP7_75t_R,gemmini_other,22,27,3.03264,1.56834584897e-05
mod/ld_weights/_128560_,INVx11_ASAP7_75t_R,gemmini_other,15,23,3.03264,1.56834584897e-05
mod/ld_weights/_132746_,INVx11_ASAP7_75t_R,gemmini_other,17,24,3.03264,1.56834584897e-05
mod/ld_weights/_133905_,INVx11_ASAP7_75t_R,gemmini_other,17,23,3.03264,1.56834584897e-05
mod/ld_weights/_134265_,INVx11_ASAP7_75t_R,gemmini_other,17,22,3.03264,1.56834584897e-05
mod/ld_weights/_137573_,INVx11_ASAP7_75t_R,gemmini_other,21,24,3.03264,1.56834584897e-05
mod/ld_weights/_137741_,INVx11_ASAP7_75t_R,gemmini_other,18,24,3.03264,1.56834584897e-05
mod/ld_weights/_137841_,INVx11_ASAP7_75t_R,gemmini_other,19,24,3.03264,1.56834584897e-05
mod/ld_weights/_138043_,INVx11_ASAP7_75t_R,gemmini_other,18,25,3.03264,1.56834584897e-05
mod/ld_weights/_138953_,INVx11_ASAP7_75t_R,gemmini_other,18,23,3.03264,1.56834584897e-05
mod/ld_weights/_148617_,INVx11_ASAP7_75t_R,gemmini_other,22,24,3.03264,1.56834584897e-05
mod/ld_weights/_148797_,INVx11_ASAP7_75t_R,gemmini_other,21,24,3.03264,1.56834584897e-05
mod/ld_weights/_149085_,INVx11_ASAP7_75t_R,gemmini_other,22,23,3.03264,1.56834584897e-05
mod/ld_weights/_150599_,INVx11_ASAP7_75t_R,gemmini_other,22,22,3.03264,1.56834584897e-05
mod/ld_weights/_151452_,INVx11_ASAP7_75t_R,gemmini_other,22,20,3.03264,1.56834584897e-05
mod/ld_weights/_151460_,INVx11_ASAP7_75t_R,gemmini_other,22,23,3.03264,1.56834584897e-05
mod/ld_weights/_153052_,INVx11_ASAP7_75t_R,gemmini_other,20,21,3.03264,1.56834584897e-05
mod/ld_weights/_158335_,INVx11_ASAP7_75t_R,gemmini_other,14,14,3.03264,1.56834584897e-05
mod/ld_weights/_159624_,INVx11_ASAP7_75t_R,gemmini_other,16,13,3.03264,1.56834584897e-05
mod/st/_46761_,INVx11_ASAP7_75t_R,gemmini_other,14,10,3.03264,1.56834584897e-05
mod/st/_48387_,INVx11_ASAP7_75t_R,gemmini_other,13,10,3.03264,1.56834584897e-05
mod/st/_53709_,INVx11_ASAP7_75t_R,gemmini_other,9,7,3.03264,1.56834584897e-05
mod/st/_55074_,INVx11_ASAP7_75t_R,gemmini_other,11,11,3.03264,1.56834584897e-05
mod/st/_55668_,INVx11_ASAP7_75t_R,gemmini_other,11,11,3.03264,1.56834584897e-05
mod/st/_56023_,INVx11_ASAP7_75t_R,gemmini_other,9,10,3.03264,1.56834584897e-05
mod/st/_61629_,INVx11_ASAP7_75t_R,gemmini_other,11,3,3.03264,1.56834584897e-05
mod/st/_62031_,INVx11_ASAP7_75t_R,gemmini_other,10,8,3.03264,1.56834584897e-05
mod/st/_62831_,INVx11_ASAP7_75t_R,gemmini_other,12,8,3.03264,1.56834584897e-05
mod/st/_65959_,INVx11_ASAP7_75t_R,gemmini_other,16,1,3.03264,1.56834584897e-05
mod/st/_65983_,INVx11_ASAP7_75t_R,gemmini_other,16,1,3.03264,1.56834584897e-05
mod/st/_70895_,INVx11_ASAP7_75t_R,gemmini_other,18,5,3.03264,1.56834584897e-05
mod/st/_72982_,INVx11_ASAP7_75t_R,gemmini_other,17,6,3.03264,1.56834584897e-05
mod/st/_78454_,INVx11_ASAP7_75t_R,gemmini_other,12,5,3.03264,1.56834584897e-05
mod/st/_78672_,INVx11_ASAP7_75t_R,gemmini_other,12,3,3.03264,1.56834584897e-05
mod/st/_78897_,INVx11_ASAP7_75t_R,gemmini_other,12,4,3.03264,1.56834584897e-05
mod/st/_80104_,INVx11_ASAP7_75t_R,gemmini_other,14,5,3.03264,1.56834584897e-05
mod/st/_82123_,INVx11_ASAP7_75t_R,gemmini_other,15,5,3.03264,1.56834584897e-05
mod/st/_82995_,INVx11_ASAP7_75t_R,gemmini_other,16,6,3.03264,1.56834584897e-05
mod/st/_83951_,INVx11_ASAP7_75t_R,gemmini_other,11,6,3.03264,1.56834584897e-05
mod/st/_87926_,INVx11_ASAP7_75t_R,gemmini_other,14,8,3.03264,1.56834584897e-05
mod/st/_88005_,INVx11_ASAP7_75t_R,gemmini_other,14,8,3.03264,1.56834584897e-05
mod/st/_89936_,INVx11_ASAP7_75t_R,gemmini_other,15,8,3.03264,1.56834584897e-05
mod/st/_91045_,INVx11_ASAP7_75t_R,gemmini_other,22,15,3.03264,1.56834584897e-05
mod/st/_91438_,INVx11_ASAP7_75t_R,gemmini_other,19,5,3.03264,1.56834584897e-05
mod/st/_91443_,INVx11_ASAP7_75t_R,gemmini_other,20,5,3.03264,1.56834584897e-05
mod_1/_06061_,INVx11_ASAP7_75t_R,gemmini_other,9,23,3.03264,1.56834584897e-05
mod_1/_06099_,INVx11_ASAP7_75t_R,gemmini_other,9,24,3.03264,1.56834584897e-05
mod_1/_06111_,INVx11_ASAP7_75t_R,gemmini_other,9,22,3.03264,1.56834584897e-05
mod_1/_06204_,INVx11_ASAP7_75t_R,gemmini_other,10,24,3.03264,1.56834584897e-05
mod_1/_06253_,INVx11_ASAP7_75t_R,gemmini_other,12,20,3.03264,1.56834584897e-05
mod_1/_06268_,INVx11_ASAP7_75t_R,gemmini_other,12,23,3.03264,1.56834584897e-05
mod_1/_06275_,INVx11_ASAP7_75t_R,gemmini_other,13,20,3.03264,1.56834584897e-05
mod_1/_06285_,INVx11_ASAP7_75t_R,gemmini_other,12,20,3.03264,1.56834584897e-05
mod_1/_06297_,INVx11_ASAP7_75t_R,gemmini_other,10,21,3.03264,1.56834584897e-05
mod_1/_06310_,INVx11_ASAP7_75t_R,gemmini_other,10,21,3.03264,1.56834584897e-05
mod_1/_06329_,INVx11_ASAP7_75t_R,gemmini_other,11,20,3.03264,1.56834584897e-05
mod_1/_06476_,INVx11_ASAP7_75t_R,gemmini_other,9,23,3.03264,1.56834584897e-05
mod_1/_06558_,INVx11_ASAP7_75t_R,gemmini_other,11,25,3.03264,1.56834584897e-05
mod_1/_06596_,INVx11_ASAP7_75t_R,gemmini_other,10,26,3.03264,1.56834584897e-05
mod_1/_06825_,INVx11_ASAP7_75t_R,gemmini_other,9,23,3.03264,1.56834584897e-05
mod_1/_08281_,INVx11_ASAP7_75t_R,gemmini_other,7,22,3.03264,1.56834584897e-05
mod_1/_08780_,INVx11_ASAP7_75t_R,gemmini_other,10,20,3.03264,1.56834584897e-05
mod_1/_08801_,INVx11_ASAP7_75t_R,gemmini_other,10,21,3.03264,1.56834584897e-05
mod_1/_08813_,INVx11_ASAP7_75t_R,gemmini_other,10,23,3.03264,1.56834584897e-05
mod_1/_08816_,INVx11_ASAP7_75t_R,gemmini_other,11,22,3.03264,1.56834584897e-05
mod_1/_08825_,INVx11_ASAP7_75t_R,gemmini_other,10,21,3.03264,1.56834584897e-05
mod_1/_08921_,INVx11_ASAP7_75t_R,gemmini_other,8,23,3.03264,1.56834584897e-05
mod_1/_11196_,INVx11_ASAP7_75t_R,gemmini_other,10,17,3.03264,1.56834584897e-05
mod_1/arb/_1536_,INVx11_ASAP7_75t_R,gemmini_other,8,24,3.03264,1.56834584897e-05
mod_1/arb/_1682_,INVx11_ASAP7_75t_R,gemmini_other,8,25,3.03264,1.56834584897e-05
mod_1/arb/_1741_,INVx11_ASAP7_75t_R,gemmini_other,8,25,3.03264,1.56834584897e-05
mod_1/arb/_1750_,INVx11_ASAP7_75t_R,gemmini_other,8,24,3.03264,1.56834584897e-05
mod_1/arb/_1767_,INVx11_ASAP7_75t_R,gemmini_other,8,24,3.03264,1.56834584897e-05
mod_1/arb/_2095_,INVx11_ASAP7_75t_R,gemmini_other,9,22,3.03264,1.56834584897e-05
mod_1/arb/_2143_,INVx11_ASAP7_75t_R,gemmini_other,9,20,3.03264,1.56834584897e-05
mod_1/arb/_2269_,INVx11_ASAP7_75t_R,gemmini_other,9,25,3.03264,1.56834584897e-05
mod_1/arb/_2278_,INVx11_ASAP7_75t_R,gemmini_other,9,25,3.03264,1.56834584897e-05
mod_1/arb/_2339_,INVx11_ASAP7_75t_R,gemmini_other,11,22,3.03264,1.56834584897e-05
mod_1/ex/_08354_,INVx11_ASAP7_75t_R,gemmini_other,10,26,3.03264,1.56834584897e-05
mod_1/ex/_08383_,INVx11_ASAP7_75t_R,gemmini_other,10,26,3.03264,1.56834584897e-05
mod_1/ex/_10100_,INVx11_ASAP7_75t_R,gemmini_other,12,27,3.03264,1.56834584897e-05
mod_1/ex/_10193_,INVx11_ASAP7_75t_R,gemmini_other,11,25,3.03264,1.56834584897e-05
mod_1/ex/_11967_,INVx11_ASAP7_75t_R,gemmini_other,12,25,3.03264,1.56834584897e-05
mod_1/ex/_12368_,INVx11_ASAP7_75t_R,gemmini_other,13,26,3.03264,1.56834584897e-05
mod_1/ldA/_05445_,INVx11_ASAP7_75t_R,gemmini_other,12,20,3.03264,1.56834584897e-05
mod_1/ldA/_05472_,INVx11_ASAP7_75t_R,gemmini_other,11,19,3.03264,1.56834584897e-05
mod_1/ldA/_05481_,INVx11_ASAP7_75t_R,gemmini_other,11,19,3.03264,1.56834584897e-05
mod_1/ldA/_08207_,INVx11_ASAP7_75t_R,gemmini_other,12,17,3.03264,1.56834584897e-05
mod_1/ldB/_06619_,INVx11_ASAP7_75t_R,gemmini_other,13,24,3.03264,1.56834584897e-05
mod_1/ldB/_06638_,INVx11_ASAP7_75t_R,gemmini_other,13,22,3.03264,1.56834584897e-05
mod_1/ldB/_06683_,INVx11_ASAP7_75t_R,gemmini_other,13,20,3.03264,1.56834584897e-05
mod_1/ldB/_06834_,INVx11_ASAP7_75t_R,gemmini_other,12,22,3.03264,1.56834584897e-05
mod_1/ldB/_09793_,INVx11_ASAP7_75t_R,gemmini_other,14,24,3.03264,1.56834584897e-05
mod_1/ldB/_09817_,INVx11_ASAP7_75t_R,gemmini_other,13,24,3.03264,1.56834584897e-05
mod_1/ldD/_05195_,INVx11_ASAP7_75t_R,gemmini_other,8,21,3.03264,1.56834584897e-05
mod_1/ldD/_05363_,INVx11_ASAP7_75t_R,gemmini_other,7,20,3.03264,1.56834584897e-05
mod_1/ldD/_07164_,INVx11_ASAP7_75t_R,gemmini_other,8,19,3.03264,1.56834584897e-05
mod_1/ldD/_07200_,INVx11_ASAP7_75t_R,gemmini_other,7,18,3.03264,1.56834584897e-05
mod_1/ldD/_08489_,INVx11_ASAP7_75t_R,gemmini_other,6,21,3.03264,1.56834584897e-05
mod_1/ldab_arb/_624_,INVx11_ASAP7_75t_R,gemmini_other,13,22,3.03264,1.56834584897e-05
mod_1/ldab_arb/_671_,INVx11_ASAP7_75t_R,gemmini_other,12,23,3.03264,1.56834584897e-05
mod_1/ldab_arb/_705_,INVx11_ASAP7_75t_R,gemmini_other,9,23,3.03264,1.56834584897e-05
mod_1/stC/_09461_,INVx11_ASAP7_75t_R,gemmini_other,5,24,3.03264,1.56834584897e-05
mod_1/stC/_10435_,INVx11_ASAP7_75t_R,gemmini_other,5,27,3.03264,1.56834584897e-05
mod_1/stC/_10871_,INVx11_ASAP7_75t_R,gemmini_other,5,28,3.03264,1.56834584897e-05
mod_1/stC/_10982_,INVx11_ASAP7_75t_R,gemmini_other,7,26,3.03264,1.56834584897e-05
mod_1/stC/_11206_,INVx11_ASAP7_75t_R,gemmini_other,7,24,3.03264,1.56834584897e-05
mod_1/stC/_15095_,INVx11_ASAP7_75t_R,gemmini_other,7,23,3.03264,1.56834584897e-05
mod_1/stC/_15119_,INVx11_ASAP7_75t_R,gemmini_other,7,24,3.03264,1.56834584897e-05
mod_1/stC/_16969_,INVx11_ASAP7_75t_R,gemmini_other,7,23,3.03264,1.56834584897e-05
mod_1/stC/_16992_,INVx11_ASAP7_75t_R,gemmini_other,8,23,3.03264,1.56834584897e-05
mod_1/stC/_17380_,INVx11_ASAP7_75t_R,gemmini_other,8,26,3.03264,1.56834584897e-05
mod_1/stC/_17585_,INVx11_ASAP7_75t_R,gemmini_other,7,25,3.03264,1.56834584897e-05
mod_1/stC/_17673_,INVx11_ASAP7_75t_R,gemmini_other,8,26,3.03264,1.56834584897e-05
mod_1/stC/_18249_,INVx11_ASAP7_75t_R,gemmini_other,7,22,3.03264,1.56834584897e-05
mod_1/stC/_18422_,INVx11_ASAP7_75t_R,gemmini_other,7,27,3.03264,1.56834584897e-05
mod_1/stC/_18428_,INVx11_ASAP7_75t_R,gemmini_other,7,26,3.03264,1.56834584897e-05
mod_1/stC/_18469_,INVx11_ASAP7_75t_R,gemmini_other,8,25,3.03264,1.56834584897e-05
mod_1/stC/_18479_,INVx11_ASAP7_75t_R,gemmini_other,8,25,3.03264,1.56834584897e-05
mod_1/stC/_18483_,INVx11_ASAP7_75t_R,gemmini_other,8,25,3.03264,1.56834584897e-05
mod_1/stC/_18486_,INVx11_ASAP7_75t_R,gemmini_other,8,25,3.03264,1.56834584897e-05
mod/_30831_,INVx8_ASAP7_75t_R,gemmini_other,25,11,2.3328,1.20641988383e-05
mod/_30833_,INVx8_ASAP7_75t_R,gemmini_other,25,11,2.3328,1.20641988383e-05
mod/_31472_,INVx8_ASAP7_75t_R,gemmini_other,27,12,2.3328,1.20641988383e-05
mod/_32382_,INVx8_ASAP7_75t_R,gemmini_other,28,11,2.3328,1.20641988383e-05
mod/_35310_,INVx8_ASAP7_75t_R,gemmini_other,23,11,2.3328,1.20641988383e-05
mod/_35389_,INVx8_ASAP7_75t_R,gemmini_other,24,11,2.3328,1.20641988383e-05
mod/_35599_,INVx8_ASAP7_75t_R,gemmini_other,24,11,2.3328,1.20641988383e-05
mod/_35672_,INVx8_ASAP7_75t_R,gemmini_other,24,11,2.3328,1.20641988383e-05
mod/_37671_,INVx8_ASAP7_75t_R,gemmini_other,28,10,2.3328,1.20641988383e-05
mod/_37957_,INVx8_ASAP7_75t_R,gemmini_other,21,11,2.3328,1.20641988383e-05
mod/_38426_,INVx8_ASAP7_75t_R,gemmini_other,29,9,2.3328,1.20641988383e-05
mod/_39024_,INVx8_ASAP7_75t_R,gemmini_other,27,8,2.3328,1.20641988383e-05
mod/_39061_,INVx8_ASAP7_75t_R,gemmini_other,27,13,2.3328,1.20641988383e-05
mod/_41472_,INVx8_ASAP7_75t_R,gemmini_other,28,12,2.3328,1.20641988383e-05
mod/_41989_,INVx8_ASAP7_75t_R,gemmini_other,26,13,2.3328,1.20641988383e-05
mod/_42114_,INVx8_ASAP7_75t_R,gemmini_other,25,13,2.3328,1.20641988383e-05
mod/_42585_,INVx8_ASAP7_75t_R,gemmini_other,13,14,2.3328,1.20641988383e-05
mod/_42595_,INVx8_ASAP7_75t_R,gemmini_other,13,15,2.3328,1.20641988383e-05
mod/_42672_,INVx8_ASAP7_75t_R,gemmini_other,12,13,2.3328,1.20641988383e-05
mod/_42691_,INVx8_ASAP7_75t_R,gemmini_other,20,12,2.3328,1.20641988383e-05
mod/_42710_,INVx8_ASAP7_75t_R,gemmini_other,18,12,2.3328,1.20641988383e-05
mod/_42713_,INVx8_ASAP7_75t_R,gemmini_other,18,12,2.3328,1.20641988383e-05
mod/_42763_,INVx8_ASAP7_75t_R,gemmini_other,13,14,2.3328,1.20641988383e-05
mod/_42789_,INVx8_ASAP7_75t_R,gemmini_other,14,12,2.3328,1.20641988383e-05
mod/_42837_,INVx8_ASAP7_75t_R,gemmini_other,19,13,2.3328,1.20641988383e-05
mod/_44040_,INVx8_ASAP7_75t_R,gemmini_other,28,12,2.3328,1.20641988383e-05
mod/_47177_,INVx8_ASAP7_75t_R,gemmini_other,32,11,2.3328,1.20641988383e-05
mod/_47804_,INVx8_ASAP7_75t_R,gemmini_other,29,12,2.3328,1.20641988383e-05
mod/_48560_,INVx8_ASAP7_75t_R,gemmini_other,30,13,2.3328,1.20641988383e-05
mod/_48778_,INVx8_ASAP7_75t_R,gemmini_other,31,13,2.3328,1.20641988383e-05
mod/_49470_,INVx8_ASAP7_75t_R,gemmini_other,32,12,2.3328,1.20641988383e-05
mod/_49898_,INVx8_ASAP7_75t_R,gemmini_other,24,17,2.3328,1.20641988383e-05
mod/_50294_,INVx8_ASAP7_75t_R,gemmini_other,23,18,2.3328,1.20641988383e-05
mod/_50786_,INVx8_ASAP7_75t_R,gemmini_other,22,18,2.3328,1.20641988383e-05
mod/_51061_,INVx8_ASAP7_75t_R,gemmini_other,24,18,2.3328,1.20641988383e-05
mod/_51336_,INVx8_ASAP7_75t_R,gemmini_other,24,18,2.3328,1.20641988383e-05
mod/_51660_,INVx8_ASAP7_75t_R,gemmini_other,23,17,2.3328,1.20641988383e-05
mod/_52381_,INVx8_ASAP7_75t_R,gemmini_other,27,8,2.3328,1.20641988383e-05
mod/_54684_,INVx8_ASAP7_75t_R,gemmini_other,28,8,2.3328,1.20641988383e-05
mod/_54908_,INVx8_ASAP7_75t_R,gemmini_other,28,8,2.3328,1.20641988383e-05
mod/_56198_,INVx8_ASAP7_75t_R,gemmini_other,29,13,2.3328,1.20641988383e-05
mod/arb/_1142_,INVx8_ASAP7_75t_R,gemmini_other,17,12,2.3328,1.20641988383e-05
mod/arb/_1156_,INVx8_ASAP7_75t_R,gemmini_other,18,12,2.3328,1.20641988383e-05
mod/arb/_1207_,INVx8_ASAP7_75t_R,gemmini_other,23,14,2.3328,1.20641988383e-05
mod/arb/_1241_,INVx8_ASAP7_75t_R,gemmini_other,23,14,2.3328,1.20641988383e-05
mod/arb/_1252_,INVx8_ASAP7_75t_R,gemmini_other,22,14,2.3328,1.20641988383e-05
mod/arb/_1285_,INVx8_ASAP7_75t_R,gemmini_other,22,15,2.3328,1.20641988383e-05
mod/arb/_1291_,INVx8_ASAP7_75t_R,gemmini_other,22,14,2.3328,1.20641988383e-05
mod/arb/_1295_,INVx8_ASAP7_75t_R,gemmini_other,24,14,2.3328,1.20641988383e-05
mod/arb/_1330_,INVx8_ASAP7_75t_R,gemmini_other,22,11,2.3328,1.20641988383e-05
mod/arb/_1340_,INVx8_ASAP7_75t_R,gemmini_other,22,11,2.3328,1.20641988383e-05
mod/arb/_1359_,INVx8_ASAP7_75t_R,gemmini_other,12,15,2.3328,1.20641988383e-05
mod/arb/_1363_,INVx8_ASAP7_75t_R,gemmini_other,12,14,2.3328,1.20641988383e-05
mod/arb/_1366_,INVx8_ASAP7_75t_R,gemmini_other,12,14,2.3328,1.20641988383e-05
mod/arb/_1383_,INVx8_ASAP7_75t_R,gemmini_other,12,15,2.3328,1.20641988383e-05
mod/arb/_1401_,INVx8_ASAP7_75t_R,gemmini_other,12,14,2.3328,1.20641988383e-05
mod/arb/_1411_,INVx8_ASAP7_75t_R,gemmini_other,12,14,2.3328,1.20641988383e-05
mod/arb/_1475_,INVx8_ASAP7_75t_R,gemmini_other,20,13,2.3328,1.20641988383e-05
mod/arb/_1501_,INVx8_ASAP7_75t_R,gemmini_other,13,14,2.3328,1.20641988383e-05
mod/arb/_1584_,INVx8_ASAP7_75t_R,gemmini_other,13,14,2.3328,1.20641988383e-05
mod/arb/_1614_,INVx8_ASAP7_75t_R,gemmini_other,12,13,2.3328,1.20641988383e-05
mod/arb/_1628_,INVx8_ASAP7_75t_R,gemmini_other,17,12,2.3328,1.20641988383e-05
mod/arb/_1649_,INVx8_ASAP7_75t_R,gemmini_other,21,12,2.3328,1.20641988383e-05
mod/arb/_1674_,INVx8_ASAP7_75t_R,gemmini_other,22,12,2.3328,1.20641988383e-05
mod/arb/_1682_,INVx8_ASAP7_75t_R,gemmini_other,23,12,2.3328,1.20641988383e-05
mod/arb/_1700_,INVx8_ASAP7_75t_R,gemmini_other,23,12,2.3328,1.20641988383e-05
mod/arb/_1729_,INVx8_ASAP7_75t_R,gemmini_other,17,12,2.3328,1.20641988383e-05
mod/arb/_1745_,INVx8_ASAP7_75t_R,gemmini_other,22,12,2.3328,1.20641988383e-05
mod/arb/_1772_,INVx8_ASAP7_75t_R,gemmini_other,22,11,2.3328,1.20641988383e-05
mod/arb/_1823_,INVx8_ASAP7_75t_R,gemmini_other,16,10,2.3328,1.20641988383e-05
mod/arb/_1834_,INVx8_ASAP7_75t_R,gemmini_other,15,10,2.3328,1.20641988383e-05
mod/arb/_1839_,INVx8_ASAP7_75t_R,gemmini_other,16,12,2.3328,1.20641988383e-05
mod/arb/_1851_,INVx8_ASAP7_75t_R,gemmini_other,16,11,2.3328,1.20641988383e-05
mod/arb/_1860_,INVx8_ASAP7_75t_R,gemmini_other,13,13,2.3328,1.20641988383e-05
mod/arb/_1875_,INVx8_ASAP7_75t_R,gemmini_other,15,11,2.3328,1.20641988383e-05
mod/arb/_1881_,INVx8_ASAP7_75t_R,gemmini_other,16,11,2.3328,1.20641988383e-05
mod/arb/_1938_,INVx8_ASAP7_75t_R,gemmini_other,13,13,2.3328,1.20641988383e-05
mod/arb/_1986_,INVx8_ASAP7_75t_R,gemmini_other,18,10,2.3328,1.20641988383e-05
mod/arb/_1999_,INVx8_ASAP7_75t_R,gemmini_other,18,11,2.3328,1.20641988383e-05
mod/arb/_2011_,INVx8_ASAP7_75t_R,gemmini_other,19,10,2.3328,1.20641988383e-05
mod/arb/_2121_,INVx8_ASAP7_75t_R,gemmini_other,23,13,2.3328,1.20641988383e-05
mod/arb/_2139_,INVx8_ASAP7_75t_R,gemmini_other,23,13,2.3328,1.20641988383e-05
mod/arb/_2252_,INVx8_ASAP7_75t_R,gemmini_other,20,11,2.3328,1.20641988383e-05
mod/arb/_2262_,INVx8_ASAP7_75t_R,gemmini_other,20,10,2.3328,1.20641988383e-05
mod/arb/_2272_,INVx8_ASAP7_75t_R,gemmini_other,20,11,2.3328,1.20641988383e-05
mod/arb/_2278_,INVx8_ASAP7_75t_R,gemmini_other,21,12,2.3328,1.20641988383e-05
mod/arb/_2321_,INVx8_ASAP7_75t_R,gemmini_other,19,10,2.3328,1.20641988383e-05
mod/arb/_2371_,INVx8_ASAP7_75t_R,gemmini_other,14,13,2.3328,1.20641988383e-05
mod/arb/_2374_,INVx8_ASAP7_75t_R,gemmini_other,12,13,2.3328,1.20641988383e-05
mod/ex/_099095_,INVx8_ASAP7_75t_R,gemmini_other,29,17,2.3328,1.20641988383e-05
mod/ex/_102187_,INVx8_ASAP7_75t_R,gemmini_other,29,15,2.3328,1.20641988383e-05
mod/ex/_103186_,INVx8_ASAP7_75t_R,gemmini_other,34,12,2.3328,1.20641988383e-05
mod/ex/_104162_,INVx8_ASAP7_75t_R,gemmini_other,29,15,2.3328,1.20641988383e-05
mod/ex/_104280_,INVx8_ASAP7_75t_R,gemmini_other,29,15,2.3328,1.20641988383e-05
mod/ex/_105099_,INVx8_ASAP7_75t_R,gemmini_other,30,16,2.3328,1.20641988383e-05
mod/ex/_105405_,INVx8_ASAP7_75t_R,gemmini_other,30,14,2.3328,1.20641988383e-05
mod/ex/_107774_,INVx8_ASAP7_75t_R,gemmini_other,34,13,2.3328,1.20641988383e-05
mod/ex/_108348_,INVx8_ASAP7_75t_R,gemmini_other,33,15,2.3328,1.20641988383e-05
mod/ex/_109264_,INVx8_ASAP7_75t_R,gemmini_other,34,12,2.3328,1.20641988383e-05
mod/ex/_109328_,INVx8_ASAP7_75t_R,gemmini_other,33,12,2.3328,1.20641988383e-05
mod/ex/_109867_,INVx8_ASAP7_75t_R,gemmini_other,33,14,2.3328,1.20641988383e-05
mod/ex/_110234_,INVx8_ASAP7_75t_R,gemmini_other,34,13,2.3328,1.20641988383e-05
mod/ex/_110260_,INVx8_ASAP7_75t_R,gemmini_other,34,13,2.3328,1.20641988383e-05
mod/ex/_110939_,INVx8_ASAP7_75t_R,gemmini_other,33,13,2.3328,1.20641988383e-05
mod/ex/_111267_,INVx8_ASAP7_75t_R,gemmini_other,31,13,2.3328,1.20641988383e-05
mod/ex/_111529_,INVx8_ASAP7_75t_R,gemmini_other,32,13,2.3328,1.20641988383e-05
mod/ex/_114409_,INVx8_ASAP7_75t_R,gemmini_other,33,22,2.3328,1.20641988383e-05
mod/ex/_115570_,INVx8_ASAP7_75t_R,gemmini_other,24,20,2.3328,1.20641988383e-05
mod/ex/_116050_,INVx8_ASAP7_75t_R,gemmini_other,24,19,2.3328,1.20641988383e-05
mod/ex/_117938_,INVx8_ASAP7_75t_R,gemmini_other,27,18,2.3328,1.20641988383e-05
mod/ex/_121574_,INVx8_ASAP7_75t_R,gemmini_other,23,27,2.3328,1.20641988383e-05
mod/ex/_124760_,INVx8_ASAP7_75t_R,gemmini_other,24,26,2.3328,1.20641988383e-05
mod/ex/_125063_,INVx8_ASAP7_75t_R,gemmini_other,24,25,2.3328,1.20641988383e-05
mod/ex/_125179_,INVx8_ASAP7_75t_R,gemmini_other,24,26,2.3328,1.20641988383e-05
mod/ex/_125193_,INVx8_ASAP7_75t_R,gemmini_other,24,25,2.3328,1.20641988383e-05
mod/ex/_125301_,INVx8_ASAP7_75t_R,gemmini_other,24,25,2.3328,1.20641988383e-05
mod/ex/_125476_,INVx8_ASAP7_75t_R,gemmini_other,24,25,2.3328,1.20641988383e-05
mod/ex/_125608_,INVx8_ASAP7_75t_R,gemmini_other,24,25,2.3328,1.20641988383e-05
mod/ex/_127722_,INVx8_ASAP7_75t_R,gemmini_other,25,21,2.3328,1.20641988383e-05
mod/ex/_130544_,INVx8_ASAP7_75t_R,gemmini_other,26,22,2.3328,1.20641988383e-05
mod/ex/_135630_,INVx8_ASAP7_75t_R,gemmini_other,24,26,2.3328,1.20641988383e-05
mod/ex/_136275_,INVx8_ASAP7_75t_R,gemmini_other,25,27,2.3328,1.20641988383e-05
mod/ex/_136295_,INVx8_ASAP7_75t_R,gemmini_other,25,27,2.3328,1.20641988383e-05
mod/ex/_138475_,INVx8_ASAP7_75t_R,gemmini_other,26,24,2.3328,1.20641988383e-05
mod/ex/_138476_,INVx8_ASAP7_75t_R,gemmini_other,26,24,2.3328,1.20641988383e-05
mod/ex/_138503_,INVx8_ASAP7_75t_R,gemmini_other,26,22,2.3328,1.20641988383e-05
mod/ex/_141411_,INVx8_ASAP7_75t_R,gemmini_other,29,20,2.3328,1.20641988383e-05
mod/ex/_144396_,INVx8_ASAP7_75t_R,gemmini_other,26,18,2.3328,1.20641988383e-05
mod/ex/_146822_,INVx8_ASAP7_75t_R,gemmini_other,28,27,2.3328,1.20641988383e-05
mod/ex/_149022_,INVx8_ASAP7_75t_R,gemmini_other,30,25,2.3328,1.20641988383e-05
mod/ex/_149561_,INVx8_ASAP7_75t_R,gemmini_other,29,27,2.3328,1.20641988383e-05
mod/ex/_149579_,INVx8_ASAP7_75t_R,gemmini_other,29,27,2.3328,1.20641988383e-05
mod/ex/_150669_,INVx8_ASAP7_75t_R,gemmini_other,30,26,2.3328,1.20641988383e-05
mod/ex/_150820_,INVx8_ASAP7_75t_R,gemmini_other,31,24,2.3328,1.20641988383e-05
mod/ex/_150901_,INVx8_ASAP7_75t_R,gemmini_other,31,25,2.3328,1.20641988383e-05
mod/ex/_151951_,INVx8_ASAP7_75t_R,gemmini_other,30,23,2.3328,1.20641988383e-05
mod/ex/_152043_,INVx8_ASAP7_75t_R,gemmini_other,29,24,2.3328,1.20641988383e-05
mod/ex/_152399_,INVx8_ASAP7_75t_R,gemmini_other,31,23,2.3328,1.20641988383e-05
mod/ex/_152621_,INVx8_ASAP7_75t_R,gemmini_other,30,23,2.3328,1.20641988383e-05
mod/ex/_157291_,INVx8_ASAP7_75t_R,gemmini_other,26,21,2.3328,1.20641988383e-05
mod/ex/_157318_,INVx8_ASAP7_75t_R,gemmini_other,26,21,2.3328,1.20641988383e-05
mod/ex/_157342_,INVx8_ASAP7_75t_R,gemmini_other,26,22,2.3328,1.20641988383e-05
mod/ex/_157741_,INVx8_ASAP7_75t_R,gemmini_other,26,21,2.3328,1.20641988383e-05
mod/ex/_157785_,INVx8_ASAP7_75t_R,gemmini_other,26,21,2.3328,1.20641988383e-05
mod/ex/_159330_,INVx8_ASAP7_75t_R,gemmini_other,28,21,2.3328,1.20641988383e-05
mod/ex/_160311_,INVx8_ASAP7_75t_R,gemmini_other,27,21,2.3328,1.20641988383e-05
mod/ex/_161720_,INVx8_ASAP7_75t_R,gemmini_other,26,24,2.3328,1.20641988383e-05
mod/ex/_161757_,INVx8_ASAP7_75t_R,gemmini_other,26,24,2.3328,1.20641988383e-05
mod/ex/_161834_,INVx8_ASAP7_75t_R,gemmini_other,26,25,2.3328,1.20641988383e-05
mod/ex/_162997_,INVx8_ASAP7_75t_R,gemmini_other,26,27,2.3328,1.20641988383e-05
mod/ex/_163182_,INVx8_ASAP7_75t_R,gemmini_other,28,27,2.3328,1.20641988383e-05
mod/ex/_164619_,INVx8_ASAP7_75t_R,gemmini_other,26,23,2.3328,1.20641988383e-05
mod/ex/_164774_,INVx8_ASAP7_75t_R,gemmini_other,26,24,2.3328,1.20641988383e-05
mod/ex/_164825_,INVx8_ASAP7_75t_R,gemmini_other,27,24,2.3328,1.20641988383e-05
mod/ex/_166349_,INVx8_ASAP7_75t_R,gemmini_other,28,23,2.3328,1.20641988383e-05
mod/ex/_168578_,INVx8_ASAP7_75t_R,gemmini_other,25,14,2.3328,1.20641988383e-05
mod/ex/_168596_,INVx8_ASAP7_75t_R,gemmini_other,25,14,2.3328,1.20641988383e-05
mod/ex/_168705_,INVx8_ASAP7_75t_R,gemmini_other,23,13,2.3328,1.20641988383e-05
mod/ex/_168843_,INVx8_ASAP7_75t_R,gemmini_other,26,17,2.3328,1.20641988383e-05
mod/ex/_168848_,INVx8_ASAP7_75t_R,gemmini_other,26,17,2.3328,1.20641988383e-05
mod/ex/_168880_,INVx8_ASAP7_75t_R,gemmini_other,23,19,2.3328,1.20641988383e-05
mod/ex/_168887_,INVx8_ASAP7_75t_R,gemmini_other,23,19,2.3328,1.20641988383e-05
mod/ex/_168892_,INVx8_ASAP7_75t_R,gemmini_other,23,19,2.3328,1.20641988383e-05
mod/ex/_168899_,INVx8_ASAP7_75t_R,gemmini_other,22,19,2.3328,1.20641988383e-05
mod/ex/_168971_,INVx8_ASAP7_75t_R,gemmini_other,31,17,2.3328,1.20641988383e-05
mod/ex/_169170_,INVx8_ASAP7_75t_R,gemmini_other,32,21,2.3328,1.20641988383e-05
mod/ex/_169335_,INVx8_ASAP7_75t_R,gemmini_other,32,21,2.3328,1.20641988383e-05
mod/ex/_169667_,INVx8_ASAP7_75t_R,gemmini_other,31,21,2.3328,1.20641988383e-05
mod/ex/_171857_,INVx8_ASAP7_75t_R,gemmini_other,32,17,2.3328,1.20641988383e-05
mod/ex/_174108_,INVx8_ASAP7_75t_R,gemmini_other,35,16,2.3328,1.20641988383e-05
mod/ex/_174512_,INVx8_ASAP7_75t_R,gemmini_other,30,17,2.3328,1.20641988383e-05
mod/ex/_174717_,INVx8_ASAP7_75t_R,gemmini_other,37,21,2.3328,1.20641988383e-05
mod/ex/_179145_,INVx8_ASAP7_75t_R,gemmini_other,30,19,2.3328,1.20641988383e-05
mod/ex/_179361_,INVx8_ASAP7_75t_R,gemmini_other,31,18,2.3328,1.20641988383e-05
mod/ex/_179706_,INVx8_ASAP7_75t_R,gemmini_other,30,18,2.3328,1.20641988383e-05
mod/ex/_180474_,INVx8_ASAP7_75t_R,gemmini_other,33,16,2.3328,1.20641988383e-05
mod/ex/_181798_,INVx8_ASAP7_75t_R,gemmini_other,32,18,2.3328,1.20641988383e-05
mod/ex/_182183_,INVx8_ASAP7_75t_R,gemmini_other,37,21,2.3328,1.20641988383e-05
mod/ex/_182446_,INVx8_ASAP7_75t_R,gemmini_other,34,21,2.3328,1.20641988383e-05
mod/ex/_182620_,INVx8_ASAP7_75t_R,gemmini_other,35,22,2.3328,1.20641988383e-05
mod/ex/_183339_,INVx8_ASAP7_75t_R,gemmini_other,37,21,2.3328,1.20641988383e-05
mod/ex/_183572_,INVx8_ASAP7_75t_R,gemmini_other,35,20,2.3328,1.20641988383e-05
mod/ex/_183702_,INVx8_ASAP7_75t_R,gemmini_other,35,21,2.3328,1.20641988383e-05
mod/ex/_184098_,INVx8_ASAP7_75t_R,gemmini_other,34,21,2.3328,1.20641988383e-05
mod/ex/_184950_,INVx8_ASAP7_75t_R,gemmini_other,35,20,2.3328,1.20641988383e-05
mod/ex/_184954_,INVx8_ASAP7_75t_R,gemmini_other,35,20,2.3328,1.20641988383e-05
mod/ex/_185181_,INVx8_ASAP7_75t_R,gemmini_other,35,19,2.3328,1.20641988383e-05
mod/ex/_185206_,INVx8_ASAP7_75t_R,gemmini_other,34,20,2.3328,1.20641988383e-05
mod/ex/_185252_,INVx8_ASAP7_75t_R,gemmini_other,34,20,2.3328,1.20641988383e-05
mod/ex/_185792_,INVx8_ASAP7_75t_R,gemmini_other,32,20,2.3328,1.20641988383e-05
mod/ex/_186214_,INVx8_ASAP7_75t_R,gemmini_other,34,22,2.3328,1.20641988383e-05
mod/ex/_186652_,INVx8_ASAP7_75t_R,gemmini_other,31,20,2.3328,1.20641988383e-05
mod/ex/_186770_,INVx8_ASAP7_75t_R,gemmini_other,30,20,2.3328,1.20641988383e-05
mod/ex/_189845_,INVx8_ASAP7_75t_R,gemmini_other,34,20,2.3328,1.20641988383e-05
mod/ex/_189977_,INVx8_ASAP7_75t_R,gemmini_other,36,20,2.3328,1.20641988383e-05
mod/ex/_190289_,INVx8_ASAP7_75t_R,gemmini_other,37,20,2.3328,1.20641988383e-05
mod/ex/_190543_,INVx8_ASAP7_75t_R,gemmini_other,37,19,2.3328,1.20641988383e-05
mod/ex/_190580_,INVx8_ASAP7_75t_R,gemmini_other,36,19,2.3328,1.20641988383e-05
mod/ex/_190950_,INVx8_ASAP7_75t_R,gemmini_other,37,19,2.3328,1.20641988383e-05
mod/ex/_191031_,INVx8_ASAP7_75t_R,gemmini_other,37,19,2.3328,1.20641988383e-05
mod/ex/_191102_,INVx8_ASAP7_75t_R,gemmini_other,36,18,2.3328,1.20641988383e-05
mod/ex/_191425_,INVx8_ASAP7_75t_R,gemmini_other,35,19,2.3328,1.20641988383e-05
mod/ex/_191627_,INVx8_ASAP7_75t_R,gemmini_other,35,18,2.3328,1.20641988383e-05
mod/ex/_191727_,INVx8_ASAP7_75t_R,gemmini_other,34,18,2.3328,1.20641988383e-05
mod/ex/_192975_,INVx8_ASAP7_75t_R,gemmini_other,27,22,2.3328,1.20641988383e-05
mod/ex/_193135_,INVx8_ASAP7_75t_R,gemmini_other,31,15,2.3328,1.20641988383e-05
mod/ex/_193417_,INVx8_ASAP7_75t_R,gemmini_other,26,15,2.3328,1.20641988383e-05
mod/ex/_193487_,INVx8_ASAP7_75t_R,gemmini_other,26,15,2.3328,1.20641988383e-05
mod/ex/_193873_,INVx8_ASAP7_75t_R,gemmini_other,30,17,2.3328,1.20641988383e-05
mod/ex/_194033_,INVx8_ASAP7_75t_R,gemmini_other,30,17,2.3328,1.20641988383e-05
mod/ex/_194432_,INVx8_ASAP7_75t_R,gemmini_other,25,13,2.3328,1.20641988383e-05
mod/ex/_194554_,INVx8_ASAP7_75t_R,gemmini_other,29,16,2.3328,1.20641988383e-05
mod/ex/_194615_,INVx8_ASAP7_75t_R,gemmini_other,26,17,2.3328,1.20641988383e-05
mod/ex/_194621_,INVx8_ASAP7_75t_R,gemmini_other,27,17,2.3328,1.20641988383e-05
mod/ex/_194624_,INVx8_ASAP7_75t_R,gemmini_other,27,17,2.3328,1.20641988383e-05
mod/ex/_194627_,INVx8_ASAP7_75t_R,gemmini_other,27,17,2.3328,1.20641988383e-05
mod/ex/_194714_,INVx8_ASAP7_75t_R,gemmini_other,28,22,2.3328,1.20641988383e-05
mod/ex/_194767_,INVx8_ASAP7_75t_R,gemmini_other,28,14,2.3328,1.20641988383e-05
mod/ex/_194779_,INVx8_ASAP7_75t_R,gemmini_other,28,14,2.3328,1.20641988383e-05
mod/ex/_194823_,INVx8_ASAP7_75t_R,gemmini_other,29,12,2.3328,1.20641988383e-05
mod/ex/_194876_,INVx8_ASAP7_75t_R,gemmini_other,23,24,2.3328,1.20641988383e-05
mod/ex/_194958_,INVx8_ASAP7_75t_R,gemmini_other,30,16,2.3328,1.20641988383e-05
mod/ex/_194993_,INVx8_ASAP7_75t_R,gemmini_other,24,20,2.3328,1.20641988383e-05
mod/ex/_195047_,INVx8_ASAP7_75t_R,gemmini_other,24,18,2.3328,1.20641988383e-05
mod/ex/_195073_,INVx8_ASAP7_75t_R,gemmini_other,25,18,2.3328,1.20641988383e-05
mod/ex/_195299_,INVx8_ASAP7_75t_R,gemmini_other,29,17,2.3328,1.20641988383e-05
mod/ex/_195401_,INVx8_ASAP7_75t_R,gemmini_other,28,18,2.3328,1.20641988383e-05
mod/ex/_195435_,INVx8_ASAP7_75t_R,gemmini_other,28,18,2.3328,1.20641988383e-05
mod/ex/_195617_,INVx8_ASAP7_75t_R,gemmini_other,31,23,2.3328,1.20641988383e-05
mod/ex/_195653_,INVx8_ASAP7_75t_R,gemmini_other,29,17,2.3328,1.20641988383e-05
mod/ex/_197099_,INVx8_ASAP7_75t_R,gemmini_other,29,14,2.3328,1.20641988383e-05
mod/ex/_197130_,INVx8_ASAP7_75t_R,gemmini_other,31,13,2.3328,1.20641988383e-05
mod/ex/command_p/_2646_,INVx8_ASAP7_75t_R,gemmini_other,25,14,2.3328,1.20641988383e-05
mod/ex/command_p/_2647_,INVx8_ASAP7_75t_R,gemmini_other,25,16,2.3328,1.20641988383e-05
mod/ld_bias/_18956_,INVx8_ASAP7_75t_R,gemmini_other,20,9,2.3328,1.20641988383e-05
mod/ld_bias/_19861_,INVx8_ASAP7_75t_R,gemmini_other,21,8,2.3328,1.20641988383e-05
mod/ld_bias/_20534_,INVx8_ASAP7_75t_R,gemmini_other,23,9,2.3328,1.20641988383e-05
mod/ld_bias/_20710_,INVx8_ASAP7_75t_R,gemmini_other,24,5,2.3328,1.20641988383e-05
mod/ld_bias/_22873_,INVx8_ASAP7_75t_R,gemmini_other,22,8,2.3328,1.20641988383e-05
mod/ld_bias/_23103_,INVx8_ASAP7_75t_R,gemmini_other,22,7,2.3328,1.20641988383e-05
mod/ld_bias/_23581_,INVx8_ASAP7_75t_R,gemmini_other,23,7,2.3328,1.20641988383e-05
mod/ld_bias/_25790_,INVx8_ASAP7_75t_R,gemmini_other,23,7,2.3328,1.20641988383e-05
mod/ld_bias/_26571_,INVx8_ASAP7_75t_R,gemmini_other,23,6,2.3328,1.20641988383e-05
mod/ld_bias/_27064_,INVx8_ASAP7_75t_R,gemmini_other,24,6,2.3328,1.20641988383e-05
mod/ld_bias/_27174_,INVx8_ASAP7_75t_R,gemmini_other,25,5,2.3328,1.20641988383e-05
mod/ld_bias/_27731_,INVx8_ASAP7_75t_R,gemmini_other,24,7,2.3328,1.20641988383e-05
mod/ld_bias/_27767_,INVx8_ASAP7_75t_R,gemmini_other,24,8,2.3328,1.20641988383e-05
mod/ld_bias/_27845_,INVx8_ASAP7_75t_R,gemmini_other,24,7,2.3328,1.20641988383e-05
mod/ld_bias/_28262_,INVx8_ASAP7_75t_R,gemmini_other,25,6,2.3328,1.20641988383e-05
mod/ld_bias/_28853_,INVx8_ASAP7_75t_R,gemmini_other,24,7,2.3328,1.20641988383e-05
mod/ld_bias/_28992_,INVx8_ASAP7_75t_R,gemmini_other,25,8,2.3328,1.20641988383e-05
mod/ld_bias/_29033_,INVx8_ASAP7_75t_R,gemmini_other,26,7,2.3328,1.20641988383e-05
mod/ld_bias/_29047_,INVx8_ASAP7_75t_R,gemmini_other,25,7,2.3328,1.20641988383e-05
mod/ld_bias/_29267_,INVx8_ASAP7_75t_R,gemmini_other,26,8,2.3328,1.20641988383e-05
mod/ld_bias/_29642_,INVx8_ASAP7_75t_R,gemmini_other,24,8,2.3328,1.20641988383e-05
mod/ld_bias/_31006_,INVx8_ASAP7_75t_R,gemmini_other,24,10,2.3328,1.20641988383e-05
mod/ld_bias/_31652_,INVx8_ASAP7_75t_R,gemmini_other,23,10,2.3328,1.20641988383e-05
mod/ld_bias/_35510_,INVx8_ASAP7_75t_R,gemmini_other,22,11,2.3328,1.20641988383e-05
mod/ld_bias/_35512_,INVx8_ASAP7_75t_R,gemmini_other,22,11,2.3328,1.20641988383e-05
mod/ld_bias/_35518_,INVx8_ASAP7_75t_R,gemmini_other,20,13,2.3328,1.20641988383e-05
mod/ld_bias/_35520_,INVx8_ASAP7_75t_R,gemmini_other,20,12,2.3328,1.20641988383e-05
mod/ld_bias/_35524_,INVx8_ASAP7_75t_R,gemmini_other,20,13,2.3328,1.20641988383e-05
mod/ld_bias/_35532_,INVx8_ASAP7_75t_R,gemmini_other,22,11,2.3328,1.20641988383e-05
mod/ld_bias/_35534_,INVx8_ASAP7_75t_R,gemmini_other,22,11,2.3328,1.20641988383e-05
mod/ld_bias/_35538_,INVx8_ASAP7_75t_R,gemmini_other,23,12,2.3328,1.20641988383e-05
mod/ld_bias/_35546_,INVx8_ASAP7_75t_R,gemmini_other,23,12,2.3328,1.20641988383e-05
mod/ld_bias/_35548_,INVx8_ASAP7_75t_R,gemmini_other,23,12,2.3328,1.20641988383e-05
mod/ld_bias/_35622_,INVx8_ASAP7_75t_R,gemmini_other,18,11,2.3328,1.20641988383e-05
mod/ld_bias/_35663_,INVx8_ASAP7_75t_R,gemmini_other,23,13,2.3328,1.20641988383e-05
mod/ld_bias/_35677_,INVx8_ASAP7_75t_R,gemmini_other,23,12,2.3328,1.20641988383e-05
mod/ld_bias/_35689_,INVx8_ASAP7_75t_R,gemmini_other,22,12,2.3328,1.20641988383e-05
mod/ld_bias/_36581_,INVx8_ASAP7_75t_R,gemmini_other,22,10,2.3328,1.20641988383e-05
mod/ld_bias/_36738_,INVx8_ASAP7_75t_R,gemmini_other,23,10,2.3328,1.20641988383e-05
mod/ld_bias/_37157_,INVx8_ASAP7_75t_R,gemmini_other,22,9,2.3328,1.20641988383e-05
mod/ld_input/_42294_,INVx8_ASAP7_75t_R,gemmini_other,30,2,2.3328,1.20641988383e-05
mod/ld_input/_44002_,INVx8_ASAP7_75t_R,gemmini_other,33,2,2.3328,1.20641988383e-05
mod/ld_input/_45224_,INVx8_ASAP7_75t_R,gemmini_other,34,2,2.3328,1.20641988383e-05
mod/ld_input/_45483_,INVx8_ASAP7_75t_R,gemmini_other,34,4,2.3328,1.20641988383e-05
mod/ld_input/_46167_,INVx8_ASAP7_75t_R,gemmini_other,34,6,2.3328,1.20641988383e-05
mod/ld_input/_49220_,INVx8_ASAP7_75t_R,gemmini_other,33,7,2.3328,1.20641988383e-05
mod/ld_input/_49359_,INVx8_ASAP7_75t_R,gemmini_other,33,8,2.3328,1.20641988383e-05
mod/ld_input/_50075_,INVx8_ASAP7_75t_R,gemmini_other,35,8,2.3328,1.20641988383e-05
mod/ld_input/_50136_,INVx8_ASAP7_75t_R,gemmini_other,31,4,2.3328,1.20641988383e-05
mod/ld_input/_51799_,INVx8_ASAP7_75t_R,gemmini_other,34,7,2.3328,1.20641988383e-05
mod/ld_input/_51830_,INVx8_ASAP7_75t_R,gemmini_other,34,7,2.3328,1.20641988383e-05
mod/ld_input/_57448_,INVx8_ASAP7_75t_R,gemmini_other,35,6,2.3328,1.20641988383e-05
mod/ld_input/_57529_,INVx8_ASAP7_75t_R,gemmini_other,35,5,2.3328,1.20641988383e-05
mod/ld_input/_57630_,INVx8_ASAP7_75t_R,gemmini_other,35,6,2.3328,1.20641988383e-05
mod/ld_input/_57894_,INVx8_ASAP7_75t_R,gemmini_other,35,6,2.3328,1.20641988383e-05
mod/ld_input/_57951_,INVx8_ASAP7_75t_R,gemmini_other,33,6,2.3328,1.20641988383e-05
mod/ld_input/_57966_,INVx8_ASAP7_75t_R,gemmini_other,34,6,2.3328,1.20641988383e-05
mod/ld_input/_62625_,INVx8_ASAP7_75t_R,gemmini_other,30,2,2.3328,1.20641988383e-05
mod/ld_input/_62663_,INVx8_ASAP7_75t_R,gemmini_other,30,2,2.3328,1.20641988383e-05
mod/ld_input/_64129_,INVx8_ASAP7_75t_R,gemmini_other,29,1,2.3328,1.20641988383e-05
mod/ld_input/_64352_,INVx8_ASAP7_75t_R,gemmini_other,31,7,2.3328,1.20641988383e-05
mod/ld_input/_64634_,INVx8_ASAP7_75t_R,gemmini_other,28,1,2.3328,1.20641988383e-05
mod/ld_input/_65720_,INVx8_ASAP7_75t_R,gemmini_other,29,2,2.3328,1.20641988383e-05
mod/ld_input/_67110_,INVx8_ASAP7_75t_R,gemmini_other,28,1,2.3328,1.20641988383e-05
mod/ld_input/_67428_,INVx8_ASAP7_75t_R,gemmini_other,27,3,2.3328,1.20641988383e-05
mod/ld_input/_67617_,INVx8_ASAP7_75t_R,gemmini_other,28,2,2.3328,1.20641988383e-05
mod/ld_input/_67720_,INVx8_ASAP7_75t_R,gemmini_other,28,2,2.3328,1.20641988383e-05
mod/ld_input/_68282_,INVx8_ASAP7_75t_R,gemmini_other,26,3,2.3328,1.20641988383e-05
mod/ld_input/_69089_,INVx8_ASAP7_75t_R,gemmini_other,31,6,2.3328,1.20641988383e-05
mod/ld_input/_69383_,INVx8_ASAP7_75t_R,gemmini_other,29,3,2.3328,1.20641988383e-05
mod/ld_input/_71331_,INVx8_ASAP7_75t_R,gemmini_other,29,6,2.3328,1.20641988383e-05
mod/ld_input/_71484_,INVx8_ASAP7_75t_R,gemmini_other,29,6,2.3328,1.20641988383e-05
mod/ld_input/_72455_,INVx8_ASAP7_75t_R,gemmini_other,30,3,2.3328,1.20641988383e-05
mod/ld_input/_73778_,INVx8_ASAP7_75t_R,gemmini_other,31,5,2.3328,1.20641988383e-05
mod/ld_input/_73967_,INVx8_ASAP7_75t_R,gemmini_other,26,4,2.3328,1.20641988383e-05
mod/ld_input/_74906_,INVx8_ASAP7_75t_R,gemmini_other,26,7,2.3328,1.20641988383e-05
mod/ld_input/_75129_,INVx8_ASAP7_75t_R,gemmini_other,27,6,2.3328,1.20641988383e-05
mod/ld_input/_75653_,INVx8_ASAP7_75t_R,gemmini_other,26,4,2.3328,1.20641988383e-05
mod/ld_input/_77271_,INVx8_ASAP7_75t_R,gemmini_other,21,5,2.3328,1.20641988383e-05
mod/ld_input/_77323_,INVx8_ASAP7_75t_R,gemmini_other,29,9,2.3328,1.20641988383e-05
mod/ld_input/_77722_,INVx8_ASAP7_75t_R,gemmini_other,21,5,2.3328,1.20641988383e-05
mod/ld_input/_77779_,INVx8_ASAP7_75t_R,gemmini_other,22,5,2.3328,1.20641988383e-05
mod/ld_input/_77786_,INVx8_ASAP7_75t_R,gemmini_other,22,5,2.3328,1.20641988383e-05
mod/ld_input/_77798_,INVx8_ASAP7_75t_R,gemmini_other,22,5,2.3328,1.20641988383e-05
mod/ld_input/_77808_,INVx8_ASAP7_75t_R,gemmini_other,22,5,2.3328,1.20641988383e-05
mod/ld_input/_77821_,INVx8_ASAP7_75t_R,gemmini_other,24,5,2.3328,1.20641988383e-05
mod/ld_input/_77939_,INVx8_ASAP7_75t_R,gemmini_other,24,5,2.3328,1.20641988383e-05
mod/ld_input/_77984_,INVx8_ASAP7_75t_R,gemmini_other,21,11,2.3328,1.20641988383e-05
mod/ld_input/_79566_,INVx8_ASAP7_75t_R,gemmini_other,33,10,2.3328,1.20641988383e-05
mod/ld_input/_79731_,INVx8_ASAP7_75t_R,gemmini_other,32,9,2.3328,1.20641988383e-05
mod/ld_input/_79806_,INVx8_ASAP7_75t_R,gemmini_other,32,8,2.3328,1.20641988383e-05
mod/ld_input/_80258_,INVx8_ASAP7_75t_R,gemmini_other,32,9,2.3328,1.20641988383e-05
mod/ld_input/_80329_,INVx8_ASAP7_75t_R,gemmini_other,32,9,2.3328,1.20641988383e-05
mod/ld_input/command_p/_1969_,INVx8_ASAP7_75t_R,gemmini_other,18,7,2.3328,1.20641988383e-05
mod/ld_weights/_081448_,INVx8_ASAP7_75t_R,gemmini_other,15,18,2.3328,1.20641988383e-05
mod/ld_weights/_081593_,INVx8_ASAP7_75t_R,gemmini_other,13,18,2.3328,1.20641988383e-05
mod/ld_weights/_082168_,INVx8_ASAP7_75t_R,gemmini_other,15,18,2.3328,1.20641988383e-05
mod/ld_weights/_082466_,INVx8_ASAP7_75t_R,gemmini_other,15,18,2.3328,1.20641988383e-05
mod/ld_weights/_082645_,INVx8_ASAP7_75t_R,gemmini_other,16,19,2.3328,1.20641988383e-05
mod/ld_weights/_083561_,INVx8_ASAP7_75t_R,gemmini_other,16,17,2.3328,1.20641988383e-05
mod/ld_weights/_084005_,INVx8_ASAP7_75t_R,gemmini_other,16,16,2.3328,1.20641988383e-05
mod/ld_weights/_084262_,INVx8_ASAP7_75t_R,gemmini_other,14,17,2.3328,1.20641988383e-05
mod/ld_weights/_084358_,INVx8_ASAP7_75t_R,gemmini_other,14,17,2.3328,1.20641988383e-05
mod/ld_weights/_084479_,INVx8_ASAP7_75t_R,gemmini_other,16,17,2.3328,1.20641988383e-05
mod/ld_weights/_085097_,INVx8_ASAP7_75t_R,gemmini_other,16,15,2.3328,1.20641988383e-05
mod/ld_weights/_085185_,INVx8_ASAP7_75t_R,gemmini_other,17,16,2.3328,1.20641988383e-05
mod/ld_weights/_085298_,INVx8_ASAP7_75t_R,gemmini_other,17,17,2.3328,1.20641988383e-05
mod/ld_weights/_086190_,INVx8_ASAP7_75t_R,gemmini_other,14,15,2.3328,1.20641988383e-05
mod/ld_weights/_086843_,INVx8_ASAP7_75t_R,gemmini_other,17,14,2.3328,1.20641988383e-05
mod/ld_weights/_086987_,INVx8_ASAP7_75t_R,gemmini_other,17,15,2.3328,1.20641988383e-05
mod/ld_weights/_087124_,INVx8_ASAP7_75t_R,gemmini_other,14,16,2.3328,1.20641988383e-05
mod/ld_weights/_087720_,INVx8_ASAP7_75t_R,gemmini_other,17,15,2.3328,1.20641988383e-05
mod/ld_weights/_088059_,INVx8_ASAP7_75t_R,gemmini_other,17,14,2.3328,1.20641988383e-05
mod/ld_weights/_088220_,INVx8_ASAP7_75t_R,gemmini_other,18,14,2.3328,1.20641988383e-05
mod/ld_weights/_088325_,INVx8_ASAP7_75t_R,gemmini_other,18,13,2.3328,1.20641988383e-05
mod/ld_weights/_088383_,INVx8_ASAP7_75t_R,gemmini_other,18,14,2.3328,1.20641988383e-05
mod/ld_weights/_088491_,INVx8_ASAP7_75t_R,gemmini_other,19,14,2.3328,1.20641988383e-05
mod/ld_weights/_088557_,INVx8_ASAP7_75t_R,gemmini_other,18,14,2.3328,1.20641988383e-05
mod/ld_weights/_089610_,INVx8_ASAP7_75t_R,gemmini_other,19,19,2.3328,1.20641988383e-05
mod/ld_weights/_089749_,INVx8_ASAP7_75t_R,gemmini_other,20,19,2.3328,1.20641988383e-05
mod/ld_weights/_089772_,INVx8_ASAP7_75t_R,gemmini_other,20,19,2.3328,1.20641988383e-05
mod/ld_weights/_089953_,INVx8_ASAP7_75t_R,gemmini_other,20,19,2.3328,1.20641988383e-05
mod/ld_weights/_090400_,INVx8_ASAP7_75t_R,gemmini_other,20,15,2.3328,1.20641988383e-05
mod/ld_weights/_090401_,INVx8_ASAP7_75t_R,gemmini_other,19,14,2.3328,1.20641988383e-05
mod/ld_weights/_090426_,INVx8_ASAP7_75t_R,gemmini_other,20,18,2.3328,1.20641988383e-05
mod/ld_weights/_090457_,INVx8_ASAP7_75t_R,gemmini_other,18,18,2.3328,1.20641988383e-05
mod/ld_weights/_090599_,INVx8_ASAP7_75t_R,gemmini_other,18,18,2.3328,1.20641988383e-05
mod/ld_weights/_091275_,INVx8_ASAP7_75t_R,gemmini_other,17,18,2.3328,1.20641988383e-05
mod/ld_weights/_092542_,INVx8_ASAP7_75t_R,gemmini_other,17,17,2.3328,1.20641988383e-05
mod/ld_weights/_092605_,INVx8_ASAP7_75t_R,gemmini_other,18,16,2.3328,1.20641988383e-05
mod/ld_weights/_092868_,INVx8_ASAP7_75t_R,gemmini_other,19,16,2.3328,1.20641988383e-05
mod/ld_weights/_093016_,INVx8_ASAP7_75t_R,gemmini_other,18,16,2.3328,1.20641988383e-05
mod/ld_weights/_093402_,INVx8_ASAP7_75t_R,gemmini_other,17,15,2.3328,1.20641988383e-05
mod/ld_weights/_093943_,INVx8_ASAP7_75t_R,gemmini_other,21,14,2.3328,1.20641988383e-05
mod/ld_weights/_094473_,INVx8_ASAP7_75t_R,gemmini_other,21,15,2.3328,1.20641988383e-05
mod/ld_weights/_095678_,INVx8_ASAP7_75t_R,gemmini_other,19,17,2.3328,1.20641988383e-05
mod/ld_weights/_095791_,INVx8_ASAP7_75t_R,gemmini_other,19,16,2.3328,1.20641988383e-05
mod/ld_weights/_097232_,INVx8_ASAP7_75t_R,gemmini_other,21,17,2.3328,1.20641988383e-05
mod/ld_weights/_098909_,INVx8_ASAP7_75t_R,gemmini_other,23,15,2.3328,1.20641988383e-05
mod/ld_weights/_099012_,INVx8_ASAP7_75t_R,gemmini_other,23,15,2.3328,1.20641988383e-05
mod/ld_weights/_099275_,INVx8_ASAP7_75t_R,gemmini_other,19,16,2.3328,1.20641988383e-05
mod/ld_weights/_099702_,INVx8_ASAP7_75t_R,gemmini_other,23,16,2.3328,1.20641988383e-05
mod/ld_weights/_099772_,INVx8_ASAP7_75t_R,gemmini_other,23,16,2.3328,1.20641988383e-05
mod/ld_weights/_100185_,INVx8_ASAP7_75t_R,gemmini_other,24,16,2.3328,1.20641988383e-05
mod/ld_weights/_100264_,INVx8_ASAP7_75t_R,gemmini_other,24,16,2.3328,1.20641988383e-05
mod/ld_weights/_100457_,INVx8_ASAP7_75t_R,gemmini_other,23,16,2.3328,1.20641988383e-05
mod/ld_weights/_100795_,INVx8_ASAP7_75t_R,gemmini_other,22,17,2.3328,1.20641988383e-05
mod/ld_weights/_102127_,INVx8_ASAP7_75t_R,gemmini_other,12,15,2.3328,1.20641988383e-05
mod/ld_weights/_102140_,INVx8_ASAP7_75t_R,gemmini_other,13,14,2.3328,1.20641988383e-05
mod/ld_weights/_102144_,INVx8_ASAP7_75t_R,gemmini_other,13,14,2.3328,1.20641988383e-05
mod/ld_weights/_102175_,INVx8_ASAP7_75t_R,gemmini_other,20,13,2.3328,1.20641988383e-05
mod/ld_weights/_102195_,INVx8_ASAP7_75t_R,gemmini_other,13,13,2.3328,1.20641988383e-05
mod/ld_weights/_102332_,INVx8_ASAP7_75t_R,gemmini_other,18,11,2.3328,1.20641988383e-05
mod/ld_weights/_102351_,INVx8_ASAP7_75t_R,gemmini_other,18,12,2.3328,1.20641988383e-05
mod/ld_weights/_102389_,INVx8_ASAP7_75t_R,gemmini_other,23,13,2.3328,1.20641988383e-05
mod/ld_weights/_102980_,INVx8_ASAP7_75t_R,gemmini_other,19,20,2.3328,1.20641988383e-05
mod/ld_weights/_102985_,INVx8_ASAP7_75t_R,gemmini_other,18,21,2.3328,1.20641988383e-05
mod/ld_weights/_103438_,INVx8_ASAP7_75t_R,gemmini_other,16,25,2.3328,1.20641988383e-05
mod/ld_weights/_107220_,INVx8_ASAP7_75t_R,gemmini_other,17,25,2.3328,1.20641988383e-05
mod/ld_weights/_107553_,INVx8_ASAP7_75t_R,gemmini_other,17,26,2.3328,1.20641988383e-05
