UnitName,Power
g0_0,0
g1_0,0
g2_0,0
g3_0,0
g4_0,0
g5_0,0
g6_0,0
g7_0,0
g8_0,0
g9_0,0
g10_0,0
g11_0,0
g12_0,0
g13_0,0
g14_0,0
g15_0,0
g16_0,0
g17_0,5.25546661892e-05
g18_0,0
g19_0,0
g20_0,4.78224281078e-05
g21_0,7.57595499773e-05
g22_0,9.52064925851e-05
g23_0,8.51298902676e-05
g24_0,0.00010356491258
g25_0,3.22771576473e-05
g26_0,0
g27_0,9.34975409966e-06
g28_0,0
g29_0,6.53639559509e-05
g30_0,0.000143563966175
g31_0,2.83508672699e-05
g32_0,0
g33_0,0
g34_0,0
g35_0,0
g36_0,0
g37_0,0
g38_0,0
g39_0,0
g40_0,0
g41_0,0
g42_0,0
g43_0,0
g44_0,0
g45_0,0
g46_0,0
g47_0,0
g48_0,0
g49_0,0
g50_0,0
g51_0,0
g52_0,0
g53_0,0
g54_0,0
g55_0,0
g56_0,0
g57_0,0
g58_0,0
g59_0,0
g60_0,0
g61_0,0
g62_0,0
g63_0,0
g0_1,0
g1_1,2.80942059237e-07
g2_1,4.25766241988e-07
g3_1,3.83189617789e-06
g4_1,0
g5_1,0
g6_1,0
g7_1,0
g8_1,0
g9_1,0
g10_1,0
g11_1,0
g12_1,0.000356789759138
g13_1,0.000649448006937
g14_1,0.000116311131684
g15_1,0.000353387263485
g16_1,0.00058973773161
g17_1,0.000603494567045
g18_1,0.000288373721887
g19_1,2.90938955887e-05
g20_1,0.000118551032771
g21_1,0.000112598036449
g22_1,0.000115705213293
g23_1,0.000140642843286
g24_1,0.000156036743542
g25_1,6.08150296047e-05
g26_1,0.000173158788532
g27_1,0.000486703674118
g28_1,0.000584100780615
g29_1,0.000679159755895
g30_1,0.000624808074153
g31_1,0.000554930781152
g32_1,1.32706187221e-05
g33_1,0
g34_1,0
g35_1,0
g36_1,0
g37_1,0
g38_1,0
g39_1,0
g40_1,0
g41_1,0
g42_1,0
g43_1,0
g44_1,0
g45_1,0
g46_1,0
g47_1,0
g48_1,0
g49_1,0
g50_1,0
g51_1,0
g52_1,2.80942059237e-07
g53_1,2.87392213342e-06
g54_1,2.44815589143e-06
g55_1,0
g56_1,0
g57_1,0
g58_1,0
g59_1,0
g60_1,0
g61_1,0
g62_1,0
g63_1,0
g0_2,0
g1_2,0
g2_2,0
g3_2,0
g4_2,2.61846238823e-05
g5_2,3.640301369e-05
g6_2,1.27729872596e-05
g7_2,3.03358447416e-05
g8_2,9.57974044473e-06
g9_2,6.38649362982e-06
g10_2,1.49018184696e-06
g11_2,0.000289101315377
g12_2,0.000588479441878
g13_2,0.000727690775221
g14_2,0.000466739712691
g15_2,0.0005026496608
g16_2,0.000524120000649
g17_2,0.00056571967607
g18_2,0.000449646966918
g19_2,0.00013271305498
g20_2,6.11925707697e-05
g21_2,3.51233134125e-05
g22_2,3.2289503744e-05
g23_2,9.39944395124e-05
g24_2,7.55262359471e-05
g25_2,3.20547775289e-05
g26_2,0.000264424676303
g27_2,0.000704796671616
g28_2,0.000712359038001
g29_2,0.000564141697103
g30_2,0.000602534743454
g31_2,0.000691636893558
g32_2,0.000584336402739
g33_2,0.000556594007595
g34_2,0.000216326165419
g35_2,6.25830314735e-06
g36_2,0
g37_2,0
g38_2,0
g39_2,0
g40_2,0
g41_2,0
g42_2,0
g43_2,0
g44_2,0
g45_2,0
g46_2,0
g47_2,0
g48_2,0
g49_2,5.32207802485e-07
g50_2,1.33051950621e-05
g51_2,1.42631691066e-05
g52_2,4.52376632112e-05
g53_2,0
g54_2,0
g55_2,1.91594808895e-06
g56_2,0
g57_2,0
g58_2,0
g59_2,0
g60_2,0
g61_2,0
g62_2,0
g63_2,0
g0_3,0
g1_3,4.68342866187e-06
g2_3,0
g3_3,0
g4_3,3.22517928306e-05
g5_3,1.59662340746e-06
g6_3,1.59662340746e-06
g7_3,7.98311703728e-06
g8_3,6.38649362982e-06
g9_3,2.07561042969e-05
g10_3,0.000234699853779
g11_3,0.000626173814685
g12_3,0.000843985762848
g13_3,0.000737581103789
g14_3,0.000657976282492
g15_3,0.000669425695022
g16_3,0.000565592533615
g17_3,0.000592364003999
g18_3,0.000572697045413
g19_3,0.000588139231083
g20_3,0.000166841645631
g21_3,1.25601041386e-05
g22_3,2.21585252142e-05
g23_3,8.78071551666e-05
g24_3,4.88940884995e-05
g25_3,2.7016924631e-05
g26_3,0.00023174168872
g27_3,0.000659758777914
g28_3,0.000576099700975
g29_3,0.000585575364558
g30_3,0.000681465291021
g31_3,0.000664238673424
g32_3,0.000498011601491
g33_3,0.000580837398444
g34_3,0.000664701176784
g35_3,0.000439970403892
g36_3,0
g37_3,0
g38_3,0
g39_3,0
g40_3,0
g41_3,0
g42_3,4.40620285174e-05
g43_3,6.75646818501e-05
g44_3,0.000105856863208
g45_3,2.23315917538e-05
g46_3,0.000155397689124
g47_3,0.000185200965251
g48_3,4.0620395996e-05
g49_3,1.00647263601e-05
g50_3,2.18205199019e-05
g51_3,2.10754289784e-05
g52_3,2.22462861439e-05
g53_3,0
g54_3,0
g55_3,5.21563646435e-06
g56_3,0
g57_3,0
g58_3,0
g59_3,0
g60_3,0
g61_3,0
g62_3,0
g63_3,0
g0_4,0
g1_4,9.68618200523e-06
g2_4,0
g3_4,0
g4_4,2.19269614624e-05
g5_4,1.11763638522e-05
g6_4,0
g7_4,0
g8_4,1.59662340746e-06
g9_4,1.59662340746e-06
g10_4,0.0003886215411
g11_4,0.000729460813117
g12_4,0.000727163583008
g13_4,0.000670478335206
g14_4,0.00061925591161
g15_4,0.000755505158883
g16_4,0.000598852046896
g17_4,0.000540546971427
g18_4,0.00064312094305
g19_4,0.000612388707871
g20_4,0.000133461062817
g21_4,1.89865595901e-05
g22_4,8.3875328457e-05
g23_4,7.99676263224e-05
g24_4,4.03254753079e-05
g25_4,8.15629459632e-05
g26_4,0.000484291037556
g27_4,0.000678935484877
g28_4,0.000670040851129
g29_4,0.000594229589194
g30_4,0.000617125542259
g31_4,0.000684278488877
g32_4,0.000537242613124
g33_4,0.000536532384734
g34_4,0.000684047516066
g35_4,0.000598795844932
g36_4,0.000128785322598
g37_4,0
g38_4,0
g39_4,0
g40_4,0
g41_4,2.34293383825e-05
g42_4,0.000270675411042
g43_4,0.000274447369952
g44_4,0.00023871221866
g45_4,0.000198820627261
g46_4,0.000283397294466
g47_4,0.000245946254363
g48_4,0.000192052507762
g49_4,1.01119482472e-05
g50_4,3.77867539764e-05
g51_4,1.31987535016e-05
g52_4,2.60781823218e-05
g53_4,0
g54_4,0
g55_4,2.12883120994e-06
g56_4,0
g57_4,0
g58_4,0
g59_4,0
g60_4,0
g61_4,0
g62_4,0
g63_4,0
g0_5,0
g1_5,8.94109108175e-06
g2_5,0
g3_5,0
g4_5,9.77133525363e-05
g5_5,2.27784939464e-05
g6_5,2.56524160798e-05
g7_5,1.91594808895e-05
g8_5,1.27729872596e-05
g9_5,7.98311703728e-06
g10_5,0.000531461918679
g11_5,0.000653828844249
g12_5,0.000601959861289
g13_5,0.000619420947138
g14_5,0.000615332669635
g15_5,0.000685314721964
g16_5,0.000660515216688
g17_5,0.000663877725482
g18_5,0.000749564454255
g19_5,0.000578546086353
g20_5,0.000584237140969
g21_5,0.000548790884734
g22_5,0.000509378588519
g23_5,0.000666698230997
g24_5,0.00057259565283
g25_5,0.000412155301869
g26_5,0.000585762161302
g27_5,0.000562723854954
g28_5,0.000598264377
g29_5,0.000611784758145
g30_5,0.000651525858767
g31_5,0.000726326588735
g32_5,0.000592948384554
g33_5,0.000512385527563
g34_5,0.000587289878624
g35_5,0.000722861806258
g36_5,0.000161358659462
g37_5,0
g38_5,0
g39_5,8.4282617771e-07
g40_5,4.92796338598e-06
g41_5,6.29648155382e-05
g42_5,0.000330274139072
g43_5,0.000294075101815
g44_5,0.000264421147369
g45_5,0.000211435757141
g46_5,0.000200007434797
g47_5,0.000269661794477
g48_5,0.000157345233911
g49_5,3.4487065601e-05
g50_5,3.4699948722e-05
g51_5,3.4912831843e-05
g52_5,4.98146503126e-05
g53_5,0
g54_5,0
g55_5,6.28005206932e-06
g56_5,0
g57_5,0
g58_5,0
g59_5,0
g60_5,0
g61_5,0
g62_5,0
g63_5,0
g0_6,0
g1_6,6.06716894833e-06
g2_6,0
g3_6,0
g4_6,4.38539229248e-05
g5_6,3.21453512701e-05
g6_6,2.90585460157e-05
g7_6,1.91594808895e-05
g8_6,1.43696106671e-05
g9_6,2.39493511118e-05
g10_6,0.00033877630406
g11_6,0.000770700400603
g12_6,0.000749289367201
g13_6,0.000723068810708
g14_6,0.000654897184028
g15_6,0.000628839820565
g16_6,0.000746918643883
g17_6,0.000658571310801
g18_6,0.00058436684488
g19_6,0.000667656618375
g20_6,0.000749612047576
g21_6,0.000601454291202
g22_6,0.000592384919831
g23_6,0.000604361111282
g24_6,0.000708917394737
g25_6,0.000751958957825
g26_6,0.000745896434575
g27_6,0.000701710587881
g28_6,0.000683983216079
g29_6,0.00067917704099
g30_6,0.000622519790673
g31_6,0.000748834163506
g32_6,0.000696225869225
g33_6,0.000700461881791
g34_6,0.000715076710519
g35_6,0.000715816847501
g36_6,7.10044798928e-05
g37_6,0
g38_6,4.78776220901e-06
g39_6,4.09472001752e-05
g40_6,5.05100555165e-05
g41_6,0.000164026888603
g42_6,0.000282860997426
g43_6,0.000259694786942
g44_6,0.000272875864108
g45_6,0.000277603777896
g46_6,0.0002266963594
g47_6,0.000251344554436
g48_6,0.0001261055747
g49_6,4.48118969692e-05
g50_6,4.56634294532e-05
g51_6,1.10699222917e-05
g52_6,3.37419746776e-05
g53_6,0
g54_6,0
g55_6,6.91870143231e-06
g56_6,0
g57_6,0
g58_6,0
g59_6,0
g60_6,0
g61_6,0
g62_6,0
g63_6,0
g0_7,0
g1_7,0
g2_7,7.66379235578e-06
g3_7,9.89906512622e-06
g4_7,3.5764364327e-05
g5_7,8.8027170531e-05
g6_7,4.69407281792e-05
g7_7,2.39493511118e-05
g8_7,3.5125714964e-05
g9_7,4.28260564165e-05
g10_7,0.000460859097774
g11_7,0.000670092480212
g12_7,0.000577826455064
g13_7,0.000711058575596
g14_7,0.000756445964979
g15_7,0.000624232440006
g16_7,0.000707586460491
g17_7,0.000681783999216
g18_7,0.000576632386115
g19_7,0.000594895220967
g20_7,0.000729116036892
g21_7,0.000682516074701
g22_7,0.000679482181984
g23_7,0.000741604131091
g24_7,0.000770222915198
g25_7,0.000761466956347
g26_7,0.000571067402066
g27_7,0.000715603239333
g28_7,0.000667995306394
g29_7,0.000608403564597
g30_7,0.000665425472586
g31_7,0.000668730722985
g32_7,0.000746746955556
g33_7,0.000670756044573
g34_7,0.000680180692203
g35_7,0.000283947578981
g36_7,1.9679815081e-05
g37_7,3.35029823544e-05
g38_7,7.26614151899e-05
g39_7,0.000149250620762
g40_7,0.000189777401771
g41_7,0.000228178828115
g42_7,0.000248071497027
g43_7,0.000273605394032
g44_7,0.000226397080869
g45_7,0.000253827968097
g46_7,0.00029088823348
g47_7,0.000318416752426
g48_7,0.000322334720318
g49_7,6.32640219665e-05
g50_7,4.52376632112e-05
g51_7,4.20444163963e-05
g52_7,4.38539229248e-05
g53_7,1.02183898077e-05
g54_7,7.2380261138e-06
g55_7,0
g56_7,0
g57_7,0
g58_7,0
g59_7,0
g60_7,0
g61_7,0
g62_7,0
g63_7,0
g0_8,0
g1_8,0
g2_8,3.7254546174e-06
g3_8,1.80950652845e-06
g4_8,3.23582343911e-05
g5_8,1.8627273087e-05
g6_8,2.86327797737e-05
g7_8,1.11763638522e-05
g8_8,6.38649362982e-06
g9_8,0.000133588760023
g10_8,0.000662738401824
g11_8,0.000687647609147
g12_8,0.000660004258742
g13_8,0.000478307166241
g14_8,0.000414495151923
g15_8,0.000478113708271
g16_8,0.000361049508888
g17_8,0.000336928729873
g18_8,0.000355608374748
g19_8,0.000324829530776
g20_8,0.000703171698265
g21_8,0.000760970064668
g22_8,0.000634048394108
g23_8,0.000753204029272
g24_8,0.000764825990768
g25_8,0.000739305116247
g26_8,0.000690486429044
g27_8,0.000686728207947
g28_8,0.000740507137027
g29_8,0.000691713056633
g30_8,0.000721160733021
g31_8,0.000744823559381
g32_8,0.00057745057784
g33_8,0.000615590155379
g34_8,0.000663351457999
g35_8,0.000488479395139
g36_8,0.00011643016125
g37_8,0.00014498814786
g38_8,0.000140603793788
g39_8,0.000133153395218
g40_8,0.000183275035277
g41_8,0.000213374084187
g42_8,0.000264427630359
g43_8,0.00029943144012
g44_8,0.000330294049562
g45_8,0.000331705887218
g46_8,0.000306412489949
g47_8,0.000319086525081
g48_8,0.000214149713381
g49_8,0.000101091821217
g50_8,3.19324681491e-06
g51_8,2.18205199019e-05
g52_8,7.45090923479e-06
g53_8,1.20278963362e-05
g54_8,3.19324681491e-06
g55_8,0
g56_8,0
g57_8,0
g58_8,0
g59_8,0
g60_8,0
g61_8,0
g62_8,0
g63_8,0
g0_9,0
g1_9,0
g2_9,0
g3_9,3.36355331171e-05
g4_9,1.39438444251e-05
g5_9,4.15122085938e-05
g6_9,5.25821308855e-05
g7_9,1.00055066867e-05
g8_9,6.38649362982e-06
g9_9,0.000162804480384
g10_9,0.000732464035409
g11_9,0.000657900983831
g12_9,0.000705143312572
g13_9,0.000687045719693
g14_9,0.000370693876772
g15_9,0.000288047340014
g16_9,0.000371549356685
g17_9,0.000223735428786
g18_9,0.000339588059732
g19_9,0.000394856625389
g20_9,0.000557775569908
g21_9,0.000630360410242
g22_9,0.000590108545572
g23_9,0.000793779561776
g24_9,0.000768069292233
g25_9,0.00080704600069
g26_9,0.000683679918396
g27_9,0.000682193065663
g28_9,0.000605105331379
g29_9,0.000593183622821
g30_9,0.0007546556908
g31_9,0.000807294769957
g32_9,0.000837123980749
g33_9,0.00049859970483
g34_9,0.000348937825995
g35_9,0.000230080448941
g36_9,0.000130412139008
g37_9,0.000152904471212
g38_9,0.000201234782078
g39_9,0.00025531482467
g40_9,0.000252376688189
g41_9,0.000268591807322
g42_9,0.000276849511101
g43_9,0.000309082937692
g44_9,0.000318725091529
g45_9,0.000285440264194
g46_9,0.000318198666341
g47_9,0.000286706335388
g48_9,0.000239267954069
g49_9,0.000131393557056
g50_9,4.98568353336e-05
g51_9,1.80950652845e-05
g52_9,3.5125714964e-05
g53_9,1.85676470604e-05
g54_9,3.8212910791e-05
g55_9,1.13826526181e-05
g56_9,0
g57_9,0
g58_9,0
g59_9,0
g60_9,0
g61_9,0
g62_9,0
g63_9,0
g0_10,0
g1_10,0
g2_10,0
g3_10,1.70306496795e-06
g4_10,3.00165200602e-05
g5_10,3.24646759516e-05
g6_10,2.70361563662e-05
g7_10,2.98036369392e-05
g8_10,6.38649362982e-06
g9_10,0.000516985743154
g10_10,0.000715271565686
g11_10,0.000666359681177
g12_10,0.000649930283386
g13_10,0.000705008321764
g14_10,0.000485365019171
g15_10,0.000296840227231
g16_10,0.000261136317734
g17_10,0.000233913484482
g18_10,0.000312876993636
g19_10,0.000376154926687
g20_10,0.000580974829011
g21_10,0.000701474041207
g22_10,0.000624464415718
g23_10,0.00073258660005
g24_10,0.000779569764859
g25_10,0.000718948774886
g26_10,0.000556256985253
g27_10,0.00063372664308
g28_10,0.000693115150929
g29_10,0.000615228148435
g30_10,0.000598859442731
g31_10,0.000658102971085
g32_10,0.000658878575803
g33_10,0.000425559613399
g34_10,0.000168034064972
g35_10,0.000169241124852
g36_10,0.000213510061361
g37_10,0.000213281895917
g38_10,0.000219895647885
g39_10,0.000263870072351
g40_10,0.000347049552364
g41_10,0.000330997189833
g42_10,0.000256114632806
g43_10,0.000256232438832
g44_10,0.000298166426654
g45_10,0.000253191860654
g46_10,0.000293360745288
g47_10,0.000178834853112
g48_10,0.000267922081423
g49_10,0.00027505245876
g50_10,7.16213988731e-05
g51_10,4.47054554087e-05
g52_10,4.78987022237e-06
g53_10,4.78460374249e-05
g54_10,7.1294366146e-05
g55_10,0.000135303310985
g56_10,6.21123005911e-05
g57_10,2.76487604002e-05
g58_10,2.53024560466e-05
g59_10,2.40103987665e-05
g60_10,0
g61_10,0
g62_10,0
g63_10,0
g0_11,0
g1_11,0
g2_11,0
g3_11,0
g4_11,3.67223383715e-05
g5_11,1.42631691066e-05
g6_11,3.92769358234e-05
g7_11,4.94953256311e-05
g8_11,8.94109108175e-06
g9_11,0.000550201635295
g10_11,0.000638544695733
g11_11,0.000691814699505
g12_11,0.000593002036875
g13_11,0.000550924853999
g14_11,0.000544621268183
g15_11,0.000489883151095
g16_11,0.00057489854884
g17_11,0.000508615753391
g18_11,0.000531180598896
g19_11,0.000600204590987
g20_11,0.000628005375637
g21_11,0.000742226249403
g22_11,0.00064012551045
g23_11,0.000751853477226
g24_11,0.000720249647404
g25_11,0.000686510317376
g26_11,0.000654628860863
g27_11,0.000575513603205
g28_11,0.00060221175339
g29_11,0.000693376196548
g30_11,0.000691908114471
g31_11,0.000657917195697
g32_11,0.000619437093084
g33_11,0.000788284824278
g34_11,0.000205234454552
g35_11,0.00013746621694
g36_11,0.00018108560817
g37_11,0.000165859463768
g38_11,0.000198682379555
g39_11,0.000263116631766
g40_11,0.000271717048991
g41_11,0.000300626189522
g42_11,0.000323851994726
g43_11,0.000257752145415
g44_11,0.000268883846295
g45_11,0.000224557595179
g46_11,0.000279163994067
g47_11,0.000255875942603
g48_11,0.000223462021332
g49_11,0.000291417411603
g50_11,8.05114124789e-05
g51_11,2.23527277044e-05
g52_11,1.7562857482e-05
g53_11,1.57302510436e-05
g54_11,2.40966161273e-05
g55_11,4.1687913653e-05
g56_11,6.03265141223e-05
g57_11,7.66598436252e-05
g58_11,7.62960788602e-05
g59_11,8.88189577277e-05
g60_11,1.7123058014e-05
g61_11,0
g62_11,0
g63_11,0
g0_12,0
g1_12,0
g2_12,0
g3_12,0
g4_12,2.12883120994e-06
g5_12,5.16241568411e-05
g6_12,2.10754289784e-05
g7_12,3.82125202184e-05
g8_12,3.29968837541e-05
g9_12,0.000473172482236
g10_12,0.000721828307674
g11_12,0.000594570654208
g12_12,0.000649807416737
g13_12,0.000549433499272
g14_12,0.000571353636217
g15_12,0.000515372023597
g16_12,0.000478344177523
g17_12,0.000473167536704
g18_12,0.000581666842229
g19_12,0.00062000066219
g20_12,0.000617517636243
g21_12,0.000616688097448
g22_12,0.00063461776108
g23_12,0.000654886232941
g24_12,0.000736673448709
g25_12,0.000680938545354
g26_12,0.000652602207435
g27_12,0.000636024430829
g28_12,0.000786969765675
g29_12,0.000802642838161
g30_12,0.00068083250496
g31_12,0.000740279885508
g32_12,0.000706500575942
g33_12,0.000585123628448
g34_12,0.000322278652871
g35_12,0.00018620293383
g36_12,0.000202729715146
g37_12,0.000203944683673
g38_12,0.000197237577383
g39_12,0.000241112284477
g40_12,0.000344471255884
g41_12,0.000339850058717
g42_12,0.000353073821046
g43_12,0.000306681728663
g44_12,0.000235234271535
g45_12,0.000224504588481
g46_12,0.000289144209269
g47_12,0.000314865119282
g48_12,0.000332868182819
g49_12,0.000307140810375
g50_12,0.00023756785475
g51_12,1.7562857482e-05
g52_12,7.98311703728e-06
g53_12,1.68537604154e-05
g54_12,1.99812184827e-05
g55_12,7.63802867505e-05
g56_12,6.3044569668e-06
g57_12,5.55055799592e-05
g58_12,0.000116573025343
g59_12,7.18112437274e-05
g60_12,4.50679452243e-05
g61_12,3.32886335626e-05
g62_12,7.12865986233e-06
g63_12,0
g0_13,0
g1_13,0
g2_13,0
g3_13,0
g4_13,0
g5_13,7.34446767429e-06
g6_13,1.96916886919e-05
g7_13,3.93833773839e-05
g8_13,2.60781823218e-05
g9_13,0.000128203491687
g10_13,0.000419873095015
g11_13,0.000324357650012
g12_13,0.000491448460157
g13_13,0.000591972797449
g14_13,0.00057434171688
g15_13,0.0006971993194
g16_13,0.000757806293437
g17_13,0.000463688772747
g18_13,0.000602500024272
g19_13,0.000623161765208
g20_13,0.000689590988202
g21_13,0.000642885317
g22_13,0.000658298781765
g23_13,0.00049696672607
g24_13,0.000491059259333
g25_13,0.000695777728944
g26_13,0.000641839451502
g27_13,0.00064411737115
g28_13,0.000664681847611
g29_13,0.000589351393294
g30_13,0.000725488352629
g31_13,0.000675334835211
g32_13,0.000733699987556
g33_13,0.000691116526795
g34_13,0.000624235073025
g35_13,0.000279976259
g36_13,0.000223005999498
g37_13,0.00019441428508
g38_13,0.000224459033489
g39_13,0.000295395531488
g40_13,0.000396846112728
g41_13,0.000332545395198
g42_13,0.000324037095683
g43_13,0.000249051636612
g44_13,0.000194855736292
g45_13,0.000222606888395
g46_13,0.000331750320179
g47_13,0.000358530985663
g48_13,0.000318144862133
g49_13,0.000289716848798
g50_13,0.000294123672533
g51_13,7.64118920265e-05
g52_13,2.26408708386e-05
g53_13,2.50598551511e-05
g54_13,2.81819345702e-05
g55_13,6.1969324116e-05
g56_13,5.06446293383e-05
g57_13,1.36659201938e-05
g58_13,2.38285596337e-05
g59_13,6.09547341522e-05
g60_13,5.5168115308e-05
g61_13,8.91471321344e-05
g62_13,1.35947248529e-05
g63_13,0
g0_14,0
g1_14,0
g2_14,0
g3_14,0
g4_14,0
g5_14,0
g6_14,4.94953256311e-05
g7_14,3.14002603466e-05
g8_14,4.36410398038e-05
g9_14,4.20444163963e-05
g10_14,4.46917531133e-05
g11_14,0.000166520359303
g12_14,0.000527240318113
g13_14,0.000620579202937
g14_14,0.000761981768549
g15_14,0.000728718453709
g16_14,0.00067145899436
g17_14,0.000768120942852
g18_14,0.0007370050899
g19_14,0.000691014194354
g20_14,0.000677703128726
g21_14,0.00060779347525
g22_14,0.000553797903088
g23_14,0.000492521610984
g24_14,0.000394671475036
g25_14,0.000509623980451
g26_14,0.000551165100493
g27_14,0.000695414643865
g28_14,0.000734026870036
g29_14,0.000657268441261
g30_14,0.000715200467548
g31_14,0.000797198902036
g32_14,0.000752279763746
g33_14,0.000724390870268
g34_14,0.000685998163792
g35_14,0.00049604072593
g36_14,0.000194272285295
g37_14,0.000195608984289
g38_14,0.000217271992638
g39_14,0.000359508953678
g40_14,0.000274881158152
g41_14,0.00024766690363
g42_14,0.000272101480482
g43_14,0.000243534862368
g44_14,0.000297301216485
g45_14,0.000287423451292
g46_14,0.000323184026841
g47_14,0.000300199920593
g48_14,0.000268610027607
g49_14,0.000303195784565
g50_14,0.000313539599423
g51_14,0.000149235622839
g52_14,4.77621310168e-05
g53_14,8.01123730513e-05
g54_14,4.44296657789e-05
g55_14,6.00153415926e-05
g56_14,0.000110130240478
g57_14,1.18593873371e-05
g58_14,4.07127047879e-05
g59_14,3.62880365489e-05
g60_14,2.39736804742e-05
g61_14,8.16456323326e-05
g62_14,2.04002434273e-05
g63_14,0
g0_15,0
g1_15,0
g2_15,0
g3_15,0
g4_15,0
g5_15,0
g6_15,3.7254546174e-06
g7_15,2.55459745193e-05
g8_15,3.18260265886e-05
g9_15,3.5125714964e-05
g10_15,3.2917843121e-05
g11_15,0.000160871434121
g12_15,0.00048481576634
g13_15,0.000661276970727
g14_15,0.00073348734623
g15_15,0.000690868509421
g16_15,0.000669554132547
g17_15,0.000740130993895
g18_15,0.000754670483028
g19_15,0.000692832665775
g20_15,0.000749945551328
g21_15,0.000646975142988
g22_15,0.00069396075793
g23_15,0.000676144958096
g24_15,0.000538943266197
g25_15,0.000309705974817
g26_15,0.0004725592197
g27_15,0.000635385223826
g28_15,0.000673759317493
g29_15,0.000816869519941
g30_15,0.000773230906484
g31_15,0.000808152402923
g32_15,0.000695104195912
g33_15,0.000655629611145
g34_15,0.000720127049726
g35_15,0.00050494890612
g36_15,0.000221766730424
g37_15,0.000225160572197
g38_15,0.0002644497655
g39_15,0.00025413535731
g40_15,0.000192120376931
g41_15,0.00023126177465
g42_15,0.000270387992029
g43_15,0.000266357229746
g44_15,0.000257959924809
g45_15,0.000250277359194
g46_15,0.000232529230017
g47_15,0.00030710375011
g48_15,0.000249523045963
g49_15,0.000223640398771
g50_15,0.000252693642098
g51_15,0.00015499671557
g52_15,9.27253074196e-05
g53_15,8.81319843224e-05
g54_15,0.000114231834781
g55_15,9.86369360755e-05
g56_15,0.000132104830298
g57_15,8.4295974769e-06
g58_15,7.64907537504e-06
g59_15,3.98172237993e-05
g60_15,0.0001071952385
g61_15,3.49855047022e-05
g62_15,4.0899672922e-05
g63_15,0
g0_16,0
g1_16,0
g2_16,0
g3_16,0
g4_16,0
g5_16,0
g6_16,0
g7_16,4.52376632112e-05
g8_16,2.92714291367e-05
g9_16,6.02442049856e-05
g10_16,0.000263516312622
g11_16,0.000483709038602
g12_16,0.000378167976689
g13_16,0.000600935213437
g14_16,0.00072832917799
g15_16,0.000791124476098
g16_16,0.000719993476602
g17_16,0.000742087520292
g18_16,0.000761651758285
g19_16,0.000747502349378
g20_16,0.000647005690117
g21_16,0.000638084991687
g22_16,0.00078102938448
g23_16,0.000746570893251
g24_16,0.000676949079292
g25_16,0.000183818348778
g26_16,0.00013467673685
g27_16,0.000710240075074
g28_16,0.000605980095427
g29_16,0.000664529385509
g30_16,0.000681115542596
g31_16,0.000710883874513
g32_16,0.000799385428639
g33_16,0.000752893233039
g34_16,0.000705130119742
g35_16,0.000696036977326
g36_16,0.00037568106588
g37_16,0.000197614668161
g38_16,0.000247235251546
g39_16,0.000202144876264
g40_16,0.000224197163079
g41_16,0.000261847576985
g42_16,0.000283879174232
g43_16,0.000316033936021
g44_16,0.000294187929053
g45_16,0.00028473462241
g46_16,0.000274799732488
g47_16,0.000275715891238
g48_16,0.0002615405108
g49_16,0.000302295845096
g50_16,0.00028201707513
g51_16,0.000163814876635
g52_16,9.90308638774e-05
g53_16,6.24998343966e-05
g54_16,7.73955109904e-05
g55_16,7.90707606172e-05
g56_16,0.000202655471141
g57_16,4.68556969259e-05
g58_16,1.09797534295e-05
g59_16,1.23088877651e-05
g60_16,0.000113724420165
g61_16,1.69485712527e-05
g62_16,1.03400956277e-05
g63_16,0
g0_17,0
g1_17,0
g2_17,0
g3_17,0
g4_17,0
g5_17,1.59662340746e-06
g6_17,0
g7_17,1.33051950621e-05
g8_17,8.28861118275e-05
g9_17,0.000177139775413
g10_17,0.000510691629542
g11_17,0.000546900220757
g12_17,0.000807677679971
g13_17,0.000684945624129
g14_17,0.000771010187294
g15_17,0.000659097023359
g16_17,0.000751126008133
g17_17,0.00068955069711
g18_17,0.000729359692315
g19_17,0.000733872197558
g20_17,0.000713677738517
g21_17,0.000712644918067
g22_17,0.000642016107177
g23_17,0.000653594812942
g24_17,0.000605704145293
g25_17,0.000270740993111
g26_17,0.000409903151372
g27_17,0.000622063498637
g28_17,0.000577369647006
g29_17,0.000748597135347
g30_17,0.000760111311625
g31_17,0.000741956080603
g32_17,0.000765748340445
g33_17,0.000686998526005
g34_17,0.000776817831197
g35_17,0.000689599664134
g36_17,0.00074070972411
g37_17,0.000594804684615
g38_17,0.000335187490831
g39_17,0.000234478074587
g40_17,0.000307309502665
g41_17,0.00029663792448
g42_17,0.000334208445577
g43_17,0.000259141706377
g44_17,0.000291909463272
g45_17,0.000293845754318
g46_17,0.000278576647161
g47_17,0.000261057428401
g48_17,0.00026399539398
g49_17,0.000264866389983
g50_17,0.000259311497937
g51_17,0.00022484537453
g52_17,0.000128292525625
g53_17,7.2067424594e-05
g54_17,5.25203712674e-05
g55_17,8.62612944688e-05
g56_17,0.000168344820982
g57_17,0.000129203686111
g58_17,6.7603851626e-06
g59_17,2.28662212932e-06
g60_17,0.000161990350941
g61_17,9.97453954824e-05
g62_17,1.3725154184e-05
g63_17,0
g0_18,0
g1_18,0
g2_18,0
g3_18,1.59662340746e-06
g4_18,0
g5_18,6.38649362982e-06
g6_18,1.11763638522e-05
g7_18,0.000233649498565
g8_18,0.000735202408821
g9_18,0.00059312854568
g10_18,0.000612020119916
g11_18,0.000599207223699
g12_18,0.000807336911536
g13_18,0.000639802330065
g14_18,0.000698284167256
g15_18,0.000779310202666
g16_18,0.000723611172988
g17_18,0.000760321300428
g18_18,0.000730036395466
g19_18,0.000699266316569
g20_18,0.00075262394016
g21_18,0.000765448338427
g22_18,0.000781417553151
g23_18,0.000780690490628
g24_18,0.000640535991993
g25_18,0.000502551192729
g26_18,0.000731832911233
g27_18,0.000708463871419
g28_18,0.00070610918802
g29_18,0.000647771888278
g30_18,0.00076585095979
g31_18,0.000819188655719
g32_18,0.000613428251628
g33_18,0.000733094981395
g34_18,0.000716992341816
g35_18,0.000807840037302
g36_18,0.000764056616625
g37_18,0.000516436867528
g38_18,0.00029951445042
g39_18,0.000308521661656
g40_18,0.000314805148926
g41_18,0.000247758734563
g42_18,0.000270896354886
g43_18,0.000265862803732
g44_18,0.000281200607537
g45_18,0.000323403954557
g46_18,0.000249760889166
g47_18,0.000280871961812
g48_18,0.000244330977596
g49_18,0.000265961328969
g50_18,0.000234029479579
g51_18,0.0002696052627
g52_18,0.000271366736905
g53_18,0.000276920270547
g54_18,0.000245932599268
g55_18,0.000178262609704
g56_18,0.000135347487018
g57_18,0.000185879940356
g58_18,0.000145132872964
g59_18,2.95171746536e-05
g60_18,2.25794450834e-05
g61_18,5.51428267952e-05
g62_18,2.12883120994e-06
g63_18,0
g0_19,0
g1_19,4.25766241988e-07
g2_19,2.12883120994e-06
g3_19,6.38649362982e-06
g4_19,9.57974044473e-06
g5_19,1.59662340746e-05
g6_19,0.00012380419488
g7_19,0.000500605953769
g8_19,0.00063464570333
g9_19,0.000627913362046
g10_19,0.000600796824142
g11_19,0.0006576175573
g12_19,0.000646016509068
g13_19,0.000440450879924
g14_19,0.000596717046955
g15_19,0.000745578466164
g16_19,0.00072782868864
g17_19,0.000592214927763
g18_19,0.000745948665454
g19_19,0.000759072104219
g20_19,0.000817449494529
g21_19,0.000713865573436
g22_19,0.00071993923793
g23_19,0.000671588329108
g24_19,0.000708468119205
g25_19,0.000612117109642
g26_19,0.000808148282063
g27_19,0.000621816166263
g28_19,0.000779199199106
g29_19,0.000635886268013
g30_19,0.000677742139453
g31_19,0.000771944026292
g32_19,0.000721092690017
g33_19,0.000796825478702
g34_19,0.000829405680036
g35_19,0.000868155873807
g36_19,0.000787342903214
g37_19,0.000728453398826
g38_19,0.000276256029439
g39_19,0.000335121729649
g40_19,0.000256798329261
g41_19,0.000249245305023
g42_19,0.00024021683565
g43_19,0.000356932808236
g44_19,0.000277695662257
g45_19,0.000253828173198
g46_19,0.000268792746609
g47_19,0.000305317805852
g48_19,0.000266911518613
g49_19,0.000257899743224
g50_19,0.000268904850353
g51_19,0.000276827509085
g52_19,0.000285983274526
g53_19,0.000249207051858
g54_19,0.000207283037845
g55_19,0.000269635843552
g56_19,0.000254350352312
g57_19,0.000300367261007
g58_19,0.000238715925565
g59_19,0.000204922555988
g60_19,3.6782327303e-06
g61_19,2.34169961767e-05
g62_19,2.51202082773e-05
g63_19,0
g0_20,0
g1_20,2.44815589143e-06
g2_20,1.27729872596e-05
g3_20,1.59662340746e-05
g4_20,3.19324681491e-06
g5_20,1.59662340746e-06
g6_20,0.00052899275365
g7_20,0.000660275938319
g8_20,0.000601415648655
g9_20,0.000675569923768
g10_20,0.000521197931179
g11_20,0.00067799117575
g12_20,0.000567496228098
g13_20,0.000574627938576
g14_20,0.000658499692087
g15_20,0.000729971105311
g16_20,0.000769710051305
g17_20,0.0006522204635
g18_20,0.000766112149349
g19_20,0.000771760888867
g20_20,0.000785055827582
g21_20,0.0007016772634
g22_20,0.000656139700133
g23_20,0.000475690335525
g24_20,0.000593790437622
g25_20,0.000688051735137
g26_20,0.000571174094011
g27_20,0.000721692842651
g28_20,0.000658705319517
g29_20,0.000694519731045
g30_20,0.000586530850607
g31_20,0.000677125485607
g32_20,0.000734130077465
g33_20,0.000801292592002
g34_20,0.00073870925169
g35_20,0.000794822503253
g36_20,0.000720282543669
g37_20,0.000774154570158
g38_20,0.000348226399832
g39_20,0.000351844996808
g40_20,0.000243791237982
g41_20,0.000282914228052
g42_20,0.000316135506493
g43_20,0.000244591096423
g44_20,0.000285826562838
g45_20,0.000308085862709
g46_20,0.000231212016732
g47_20,0.000280241791853
g48_20,0.00027222285278
g49_20,0.000279603912064
g50_20,0.000229020824901
g51_20,0.000224118762386
g52_20,0.000236918523773
g53_20,0.00021917593478
g54_20,0.000230270947305
g55_20,0.000267489765371
g56_20,0.000279802807968
g57_20,0.000261719635292
g58_20,0.000267047335976
g59_20,0.000230779471484
g60_20,0.000176151402878
g61_20,0.000163014081265
g62_20,2.21669110137e-05
g63_20,0
g0_21,2.5479448544e-06
g1_21,1.93577514066e-05
g2_21,3.19324681491e-06
g3_21,6.38649362982e-06
g4_21,1.59662340746e-06
g5_21,8.32071626711e-05
g6_21,0.000441868755567
g7_21,0.000580794680606
g8_21,0.000633398788166
g9_21,0.000534215328124
g10_21,0.000622557016772
g11_21,0.000631808057849
g12_21,0.000502861187559
g13_21,0.000601295615664
g14_21,0.000686419900823
g15_21,0.000821002749371
g16_21,0.000634408050503
g17_21,0.000665830962452
g18_21,0.000753589142995
g19_21,0.000776862746959
g20_21,0.000732463132728
g21_21,0.000756867008685
g22_21,0.000700523651108
g23_21,0.000565464525003
g24_21,0.000602141580795
g25_21,0.000624717777638
g26_21,0.000703280918631
g27_21,0.000717394888117
g28_21,0.000608320685037
g29_21,0.000738931062465
g30_21,0.000663880250002
g31_21,0.000764289137268
g32_21,0.000754363427852
g33_21,0.000715964225982
g34_21,0.000748374094621
g35_21,0.000703163089621
g36_21,0.000763014075491
g37_21,0.000539751868427
g38_21,0.000286926566825
g39_21,0.000288505026563
g40_21,0.000276572491007
g41_21,0.000274258480735
g42_21,0.000233916792736
g43_21,0.00025738852424
g44_21,0.000283923557377
g45_21,0.000238746154256
g46_21,0.000276687762531
g47_21,0.000308699003651
g48_21,0.000253334438183
g49_21,0.000268682816215
g50_21,0.000253301226438
g51_21,0.000279244305878
g52_21,0.000222358323981
g53_21,0.000224736245072
g54_21,0.000234503210515
g55_21,0.000234063730095
g56_21,0.000260879759119
g57_21,0.000224321154648
g58_21,0.000263535685921
g59_21,0.000246618085976
g60_21,0.000202137200492
g61_21,0.000269188686077
g62_21,0.000206731834901
g63_21,0.000199139521304
g0_22,0
g1_22,0
g2_22,0
g3_22,0
g4_22,3.2950343077e-05
g5_22,0.000599929536067
g6_22,0.000574589344959
g7_22,0.000585375572094
g8_22,0.000562554730129
g9_22,0.000689503104451
g10_22,0.000658366062967
g11_22,0.000739919217858
g12_22,0.000589810831145
g13_22,0.000724722706157
g14_22,0.000788578365534
g15_22,0.000587382688259
g16_22,0.000679850574937
g17_22,0.000667540976167
g18_22,0.000727423148183
g19_22,0.000803777084703
g20_22,0.000771118377066
g21_22,0.000768115872596
g22_22,0.000713039459046
g23_22,0.000636722358711
g24_22,0.000592899211158
g25_22,0.00063742761111
g26_22,0.0006237879213
g27_22,0.000797439276438
g28_22,0.000818619535078
g29_22,0.000830184354149
g30_22,0.000775816497703
g31_22,0.000721544130469
g32_22,0.000781547467168
g33_22,0.000615913948044
g34_22,0.000380752472456
g35_22,0.000478304472905
g36_22,0.000355637319615
g37_22,0.00030860303779
g38_22,0.000321103209143
g39_22,0.000208989045261
g40_22,0.000287071081144
g41_22,0.000266374524675
g42_22,0.000251377808561
g43_22,0.000262975447985
g44_22,0.000255036411683
g45_22,0.000261957097092
g46_22,0.000294425418445
g47_22,0.000273072829356
g48_22,0.000280192847757
g49_22,0.000250137341489
g50_22,0.000266478446316
g51_22,0.000183227165773
g52_22,0.000175835742342
g53_22,0.000255876265048
g54_22,0.000210366036872
g55_22,0.000249839612264
g56_22,0.000192977572128
g57_22,0.000233458210532
g58_22,0.000244017502604
g59_22,0.000257631975477
g60_22,0.000277309724659
g61_22,0.000281981050166
g62_22,0.000252662730926
g63_22,0.000182557382453
g0_23,1.17085716547e-06
g1_23,0
g2_23,0
g3_23,0
g4_23,0.000356665351272
g5_23,0.000683231423003
g6_23,0.000692764412696
g7_23,0.000723883028108
g8_23,0.000573882370118
g9_23,0.000724412180408
g10_23,0.000779135768032
g11_23,0.00074441700414
g12_23,0.00071278298235
g13_23,0.000622530330314
g14_23,0.000774907453535
g15_23,0.000604220955042
g16_23,0.000644437155571
g17_23,0.000723249543836
g18_23,0.000741713125371
g19_23,0.000697240412232
g20_23,0.000811645165091
g21_23,0.00064557099468
g22_23,0.00076768496738
g23_23,0.000650857895248
g24_23,0.000607441329936
g25_23,0.000642965513039
g26_23,0.000727937269638
g27_23,0.000775606580669
g28_23,0.00069317009469
g29_23,0.000823265859805
g30_23,0.000743539550177
g31_23,0.000735022099431
g32_23,0.000174394397174
g33_23,0.000249994930149
g34_23,0.000317905487685
g35_23,0.000273446713862
g36_23,0.000282407341949
g37_23,0.000308616308662
g38_23,0.000316124622792
g39_23,0.000306205403175
g40_23,0.000306417393782
g41_23,0.000220060786268
g42_23,0.000279852197613
g43_23,0.000283024468653
g44_23,0.000232627700637
g45_23,0.000256754001265
g46_23,0.000238305482635
g47_23,0.0003162121725
g48_23,0.000312126524322
g49_23,0.000247109153632
g50_23,0.000281493777964
g51_23,0.00031290676223
g52_23,0.000285580607111
g53_23,0.000252118529085
g54_23,0.000250979729397
g55_23,0.000275190475105
g56_23,0.000262230857438
g57_23,0.0002016795806
g58_23,0.000246498360598
g59_23,0.000287430662167
g60_23,0.000297697443559
g61_23,0.000255122857742
g62_23,0.000251478499199
g63_23,0.000184342656212
g0_24,1.57999191363e-06
g1_24,0
g2_24,0
g3_24,0
g4_24,0.00043532656716
g5_24,0.000663684226585
g6_24,0.000585837349399
g7_24,0.000693575946926
g8_24,0.000610490257232
g9_24,0.000655149030445
g10_24,0.000703343455678
g11_24,0.000656828598631
g12_24,0.000631245206678
g13_24,0.000750314363509
g14_24,0.000751093032252
g15_24,0.000640524525061
g16_24,0.00061085683804
g17_24,0.000648030760386
g18_24,0.000697124657941
g19_24,0.000757412244041
g20_24,0.000641391868452
g21_24,0.000744380597892
g22_24,0.00076922415585
g23_24,0.000615404165324
g24_24,0.000742952743275
g25_24,0.000589866921393
g26_24,0.000732668320099
g27_24,0.00074953645677
g28_24,0.000729773396047
g29_24,0.000717594819876
g30_24,0.000736571842122
g31_24,0.000736149082704
g32_24,0.000190789916504
g33_24,0.00028770624449
g34_24,0.000291804476754
g35_24,0.000288792217325
g36_24,0.000245140811002
g37_24,0.000310543549014
g38_24,0.000233143115719
g39_24,0.000320269632912
g40_24,0.000249265562364
g41_24,0.000233179012669
g42_24,0.000255510091061
g43_24,0.00024815949685
g44_24,0.00024172878162
g45_24,0.000292276285919
g46_24,0.000291055384382
g47_24,0.000285591677322
g48_24,0.000257888065877
g49_24,0.00029448317701
g50_24,0.000267288799554
g51_24,0.000248300288223
g52_24,0.000162757281522
g53_24,0.000255708288309
g54_24,0.000107158208566
g55_24,0.000238833624184
g56_24,0.000245281129223
g57_24,0.000226057550082
g58_24,0.000238758703289
g59_24,0.000268755383003
g60_24,0.00025407432804
g61_24,0.000258210995842
g62_24,0.000291545142615
g63_24,0.000194001870459
g0_25,0
g1_25,1.59662340746e-06
g2_25,0
g3_25,0
g4_25,0.000188471203449
g5_25,0.000686658192185
g6_25,0.000607279019778
g7_25,0.000707973841087
g8_25,0.000782003773732
g9_25,0.000538099108744
g10_25,0.000619028812236
g11_25,0.000694350012674
g12_25,0.000631651702274
g13_25,0.000664106357178
g14_25,0.000502098398808
g15_25,0.000665953226263
g16_25,0.000587281820376
g17_25,0.0006049957405
g18_25,0.000668495435524
g19_25,0.000725267842625
g20_25,0.000686592637176
g21_25,0.000682636641376
g22_25,0.000714832478837
g23_25,0.000572992929173
g24_25,0.000710477951886
g25_25,0.000647409998358
g26_25,0.000731440254324
g27_25,0.000736305923167
g28_25,0.000720132398448
g29_25,0.000734045413933
g30_25,0.000776739695364
g31_25,0.000557910757047
g32_25,0.00028909713455
g33_25,0.000252049520371
g34_25,0.000306198421527
g35_25,0.000221475362211
g36_25,0.000283618759146
g37_25,0.000277195178728
g38_25,0.000281384459977
g39_25,0.000311651232822
g40_25,0.000291301321208
g41_25,0.000261581543997
g42_25,0.000261164063044
g43_25,0.000271317284234
g44_25,0.000238264113877
g45_25,0.000275454863017
g46_25,0.000266491598401
g47_25,0.000265555050349
g48_25,0.000250355484261
g49_25,0.000312802627568
g50_25,0.000292151095394
g51_25,0.000258205277885
g52_25,0.00026290256045
g53_25,0.000312052819442
g54_25,0.000190408234493
g55_25,0.000194913103721
g56_25,0.000129446797147
g57_25,0.000246367656837
g58_25,0.000246288641743
g59_25,0.000273773875892
g60_25,0.000248629242267
g61_25,0.000251114459506
g62_25,0.000270406859929
g63_25,0.00019117737431
g0_26,0
g1_26,2.83553951117e-06
g2_26,4.25766241988e-07
g3_26,5.21563646435e-06
g4_26,1.20278963362e-05
g5_26,0.000525573941642
g6_26,0.000622265967764
g7_26,0.000662828218054
g8_26,0.000471068376571
g9_26,0.000515720932754
g10_26,0.000753769102523
g11_26,0.000648346967054
g12_26,0.000669099456585
g13_26,0.000741236071506
g14_26,0.000579677225185
g15_26,0.000667994142112
g16_26,0.000681527735399
g17_26,0.000661894681168
g18_26,0.000610955221178
g19_26,0.000713611012183
g20_26,0.000538791462882
g21_26,0.000605567033306
g22_26,0.000623051381989
g23_26,0.000599974390628
g24_26,0.000700956854274
g25_26,0.00073566653402
g26_26,0.000746256889006
g27_26,0.000652369902565
g28_26,0.000740893641632
g29_26,0.000672471590209
g30_26,0.000686378545133
g31_26,0.000348172784819
g32_26,0.000270234497309
g33_26,0.000303484636956
g34_26,0.000260456490958
g35_26,0.000288387643973
g36_26,0.000336650395936
g37_26,0.000301997877936
g38_26,0.000224008875285
g39_26,0.000346308004004
g40_26,0.000224616978795
g41_26,0.000276093195574
g42_26,0.000336807518273
g43_26,0.000202865675936
g44_26,0.000274288967066
g45_26,0.000169933646053
g46_26,0.000254037806944
g47_26,0.000268757105996
g48_26,0.000271262841012
g49_26,0.000270838615586
g50_26,0.000243575880366
g51_26,0.000310315750633
g52_26,0.000203102606109
g53_26,9.60392558608e-05
g54_26,4.13049519966e-05
g55_26,0.00019977282213
g56_26,0.000266311290701
g57_26,0.000198007142254
g58_26,0.000257916631519
g59_26,0.000271070656996
g60_26,0.000242202353961
g61_26,0.000281737021933
g62_26,0.000246847170696
g63_26,0.00017947981047
g0_27,1.59662340746e-06
g1_27,9.57974044473e-07
g2_27,0
g3_27,0
g4_27,0.000112293212982
g5_27,0.00069130827748
g6_27,0.000653780269877
g7_27,0.000384161987812
g8_27,0.000294634520456
g9_27,0.000510036551145
g10_27,0.000692144525973
g11_27,0.000626376380471
g12_27,0.000641673636926
g13_27,0.00059061140095
g14_27,0.000490214160187
g15_27,0.000552142048048
g16_27,0.000653843355155
g17_27,0.000699198850452
g18_27,0.000695571162485
g19_27,0.000666348123485
g20_27,0.00066821420187
g21_27,0.000655087066994
g22_27,0.000678164369673
g23_27,0.000394964299353
g24_27,0.000405989930646
g25_27,0.000661278982852
g26_27,0.000606659222605
g27_27,0.000530877983257
g28_27,0.000559983361749
g29_27,0.000541273086321
g30_27,0.000458982992776
g31_27,0.000281845933288
g32_27,0.000320831290831
g33_27,0.000306198075192
g34_27,0.000343694754283
g35_27,0.000302786343295
g36_27,0.000361923424918
g37_27,0.00022722586438
g38_27,0.000290251052135
g39_27,0.000321713639798
g40_27,0.000254522628306
g41_27,0.000314598563114
g42_27,0.000229993672339
g43_27,0.000262403847036
g44_27,0.000314032184883
g45_27,0.000253811366967
g46_27,0.000307467509048
g47_27,0.000281790932082
g48_27,0.000223360893541
g49_27,0.000292124772048
g50_27,0.00027269144028
g51_27,0.000313791419185
g52_27,0.000195531927032
g53_27,0
g54_27,0
g55_27,0.000214532772912
g56_27,0.000211356116072
g57_27,0.000275503754979
g58_27,0.000257336775437
g59_27,0.000240924462533
g60_27,0.000251718756644
g61_27,0.000294288229445
g62_27,0.000290347633482
g63_27,0.000167967949864
g0_28,4.73664944212e-06
g1_28,4.72999684459e-06
g2_28,0
g3_28,0
g4_28,2.86327797737e-05
g5_28,0.000231618064115
g6_28,0.000406394967457
g7_28,0.000310802002241
g8_28,0.000293728071265
g9_28,0.000451742376086
g10_28,0.000554440770344
g11_28,0.000573793963093
g12_28,0.000687008485099
g13_28,0.000478443066731
g14_28,0.000272755094777
g15_28,0.000381617942602
g16_28,0.000500564241048
g17_28,0.000393228577152
g18_28,0.000405931130295
g19_28,0.000493123069035
g20_28,0.000409809363286
g21_28,0.000429349636631
g22_28,0.000379448134618
g23_28,0.000310018696628
g24_28,0.000285486517648
g25_28,0.000330870470799
g26_28,0.000358117784629
g27_28,0.000286749649807
g28_28,0.000306773288509
g29_28,0.000311240890841
g30_28,0.000231686460905
g31_28,0.00024769626995
g32_28,0.000307686781613
g33_28,0.000287214825092
g34_28,0.000296641350936
g35_28,0.000282099487351
g36_28,0.000270623970397
g37_28,0.000277958791339
g38_28,0.00031076647476
g39_28,0.000332310901092
g40_28,0.000275415166369
g41_28,0.000307431072787
g42_28,0.000309777789333
g43_28,0.000310674884461
g44_28,0.000315219948289
g45_28,0.00018632993147
g46_28,0.000274498781525
g47_28,0.000219348241122
g48_28,0.000291241630936
g49_28,0.000283984591806
g50_28,0.00025657261164
g51_28,0.00033189196471
g52_28,0.000262951848577
g53_28,0
g54_28,0
g55_28,0.000159013577321
g56_28,0.000197824446463
g57_28,0.000244080704388
g58_28,0.000274580291257
g59_28,0.000261712722269
g60_28,0.00018942681708
g61_28,0.000260846951743
g62_28,0.000213656697473
g63_28,0.000200357382402
g0_29,5.14112737201e-05
g1_29,7.5766548835e-06
g2_29,0
g3_29,0
g4_29,3.02294031812e-05
g5_29,5.30620272101e-05
g6_29,0.000229064149395
g7_29,0.000299081112483
g8_29,0.0003198252473
g9_29,0.000381516746366
g10_29,0.00029040260606
g11_29,0.000397914470319
g12_29,0.0004449290788
g13_29,0.000289172109013
g14_29,0.000313625152593
g15_29,0.000316167851115
g16_29,0.000297624996228
g17_29,0.000316993033357
g18_29,0.00032219841903
g19_29,0.000348029751227
g20_29,0.000312323187292
g21_29,0.000310513424254
g22_29,0.000336560387108
g23_29,0.000342412163875
g24_29,0.000313276079519
g25_29,0.000342198032249
g26_29,0.000295158104597
g27_29,0.000302884084606
g28_29,0.00027802537884
g29_29,0.000256133129054
g30_29,0.000299174936956
g31_29,0.000201153484889
g32_29,0.000326762557337
g33_29,0.000229623892718
g34_29,0.000316057855141
g35_29,0.000247594623909
g36_29,0.000264470838725
g37_29,0.000324357510494
g38_29,0.000205381409513
g39_29,0.000297999952787
g40_29,0.000307440140551
g41_29,0.000266063778538
g42_29,0.000270508621909
g43_29,0.000288096698777
g44_29,0.000284198862572
g45_29,0.000223743817679
g46_29,0.000250758215281
g47_29,0.000260772990401
g48_29,0.000260909849476
g49_29,0.000223984408606
g50_29,0.000260851839683
g51_29,0.000227192125822
g52_29,0.000240395165178
g53_29,0
g54_29,0
g55_29,0.000192819178127
g56_29,0.000238228949136
g57_29,0.000215547500829
g58_29,0.000229811954884
g59_29,0.000258540086947
g60_29,0.000284202787614
g61_29,0.000278653166651
g62_29,0.000227370132048
g63_29,0.000203818953729
g0_30,6.80593990415e-05
g1_30,2.83433917811e-05
g2_30,0
g3_30,0
g4_30,2.4940588144e-05
g5_30,0.000314821554086
g6_30,0.000366940827247
g7_30,0.000318388090795
g8_30,0.000304790813402
g9_30,0.000316074344285
g10_30,0.000349118670296
g11_30,0.000316153985161
g12_30,0.000340594079481
g13_30,0.000310622370095
g14_30,0.000324186811967
g15_30,0.000323074293907
g16_30,0.000305708726811
g17_30,0.000343490275992
g18_30,0.000319147074638
g19_30,0.000307534023868
g20_30,0.000326974549536
g21_30,0.000365118133815
g22_30,0.000340202100477
g23_30,0.000321316115518
g24_30,0.000322047140893
g25_30,0.000291768740598
g26_30,0.00026334188221
g27_30,0.000292280159016
g28_30,0.000285661096634
g29_30,0.000212319924098
g30_30,0.000304755256476
g31_30,0.000252862236514
g32_30,0.00030623265851
g33_30,0.000283192885426
g34_30,0.000194216450498
g35_30,0.000291527233097
g36_30,0.00021057171976
g37_30,0.000339368604588
g38_30,0.000262760539686
g39_30,0.000298277329358
g40_30,0.000280782307336
g41_30,0.000256368695661
g42_30,0.000267110708402
g43_30,0.000268778342689
g44_30,0.000259050782353
g45_30,0.000258521417074
g46_30,0.000196075118971
g47_30,0.000206532997053
g48_30,0.000287264401511
g49_30,0.000191238346716
g50_30,0.000256809164567
g51_30,0.000276653613446
g52_30,0.00019998134747
g53_30,0
g54_30,0
g55_30,0.000208898870793
g56_30,0.000137377190714
g57_30,0.000269419896791
g58_30,0.000242635721724
g59_30,0.000170823881326
g60_30,0.000243088486736
g61_30,0.000291690750789
g62_30,0.000280541677616
g63_30,0.000143126250805
g0_31,7.37440436318e-05
g1_31,2.43185702748e-05
g2_31,0
g3_31,0
g4_31,4.18868345789e-05
g5_31,0.000316493741437
g6_31,0.000396383888692
g7_31,0.000342098766871
g8_31,0.000308951212488
g9_31,0.00036248846536
g10_31,0.00034030139124
g11_31,0.000372125749397
g12_31,0.000321124536501
g13_31,0.000320914481064
g14_31,0.000282382741427
g15_31,0.000317511182362
g16_31,0.000264766360941
g17_31,0.000327914731843
g18_31,0.000341246259601
g19_31,0.000311387353796
g20_31,0.00029978023702
g21_31,0.000413169425189
g22_31,0.000237192224635
g23_31,0.000296665657355
g24_31,0.000296701105634
g25_31,0.000206449298548
g26_31,0.000262675600866
g27_31,0.000285948775051
g28_31,0.000307254803977
g29_31,0.000231712279979
g30_31,0.000290845688285
g31_31,0.000199236558982
g32_31,0.000236916241054
g33_31,0.000265675184136
g34_31,0.000204767297241
g35_31,0.000235758766842
g36_31,0.000277686341099
g37_31,0.000294494979064
g38_31,0.000256248893049
g39_31,0.000313993564655
g40_31,0.000283010614965
g41_31,0.000240762735512
g42_31,0.000294167547273
g43_31,0.000278223332574
g44_31,0.000181755470968
g45_31,0.000263238028176
g46_31,0.000278539287801
g47_31,0.000237291152667
g48_31,0.000242566754583
g49_31,0.000217887536785
g50_31,0.000294206341305
g51_31,0.000229244720675
g52_31,0.000246309872991
g53_31,0
g54_31,0
g55_31,0.000163055420775
g56_31,0.000126392421454
g57_31,0.000178663475225
g58_31,0.000227098452302
g59_31,0.000242737938934
g60_31,0.000174347088458
g61_31,0.000249340646041
g62_31,0.000229556130116
g63_31,0.000196718138236
g0_32,9.76301950671e-05
g1_32,2.07171565023e-05
g2_32,1.28725968391e-05
g3_32,3.72061643468e-05
g4_32,3.85614138589e-05
g5_32,0.000329655894278
g6_32,0.000368615156243
g7_32,0.000432041133589
g8_32,0.000407986023987
g9_32,0.00037798205955
g10_32,0.000429088414074
g11_32,0.000354698427223
g12_32,0.000408370964058
g13_32,0.000370515046494
g14_32,0.000312153042883
g15_32,0.000333260147916
g16_32,0.000335124781596
g17_32,0.000355905687893
g18_32,0.000318803082409
g19_32,0.000208923724856
g20_32,0.00023329425658
g21_32,0.000318939346433
g22_32,0.000293163499959
g23_32,0.000322606047792
g24_32,0.000317001655617
g25_32,0.00036330863575
g26_32,0.000271984991074
g27_32,0.000315430283485
g28_32,0.000296900752224
g29_32,0.000268491129371
g30_32,0.000226554275596
g31_32,0.000302581347326
g32_32,0.00031548549816
g33_32,0.000321371583112
g34_32,0.00026687853675
g35_32,0.000246526571989
g36_32,0.00021547257003
g37_32,0.000195751329379
g38_32,0.000196350678409
g39_32,0.000316649626321
g40_32,0.000305767442785
g41_32,0.000284532641639
g42_32,0.00030391560892
g43_32,0.000275784554291
g44_32,0.000243737759698
g45_32,0.00031557553577
g46_32,0.000205076467691
g47_32,0.000290865514057
g48_32,0.000260420413951
g49_32,0.000254162432127
g50_32,0.00021402927522
g51_32,0.000285355319045
g52_32,0.000198780591158
g53_32,5.80548424153e-05
g54_32,0.000215636762069
g55_32,0.000262030806153
g56_32,0.000138995323854
g57_32,0.000195873047646
g58_32,0.000263275412935
g59_32,0.000214248172847
g60_32,0.000229648618634
g61_32,0.000252367132438
g62_32,0.000254464357069
g63_32,0.000218790412715
g0_33,7.38937270763e-05
g1_33,7.6767579327e-06
g2_33,3.19471129979e-05
g3_33,5.86551001945e-05
g4_33,5.39757926215e-05
g5_33,0.000261701519207
g6_33,0.000356863136896
g7_33,0.000363906916318
g8_33,0.000325757106961
g9_33,0.000421403785281
g10_33,0.000351396065731
g11_33,0.00039060049531
g12_33,0.000381622991286
g13_33,0.000334336954175
g14_33,0.000306112275638
g15_33,0.000273432915612
g16_33,0.000258652452695
g17_33,0.000291356643384
g18_33,0.000278212464176
g19_33,0.000148254496142
g20_33,0.000183965209292
g21_33,0.000290299786772
g22_33,0.0003236891065
g23_33,0.000214911984112
g24_33,0.000227198154453
g25_33,0.000260457750438
g26_33,0.000244897671392
g27_33,0.000217426986892
g28_33,0.000195454286183
g29_33,0.000285912230376
g30_33,0.000285199666855
g31_33,0.000251990849748
g32_33,0.00019656166523
g33_33,0.000106276120225
g34_33,0.000125742479227
g35_33,0.000227033278104
g36_33,0.000168984787673
g37_33,0.000262453361504
g38_33,0.000282456577054
g39_33,0.000267593218432
g40_33,0.000255302677523
g41_33,0.000251681338114
g42_33,0.00025589317113
g43_33,0.000245514137001
g44_33,0.000236739773064
g45_33,0.000161585467373
g46_33,0.000258910008797
g47_33,0.000292738575423
g48_33,0.000165073243018
g49_33,0.000286005018389
g50_33,0.000198342958862
g51_33,0.000254442766165
g52_33,0.000270258147346
g53_33,0.000150405716967
g54_33,0.000263517781472
g55_33,0.000107737157333
g56_33,0.000250007240312
g57_33,0.000242835580248
g58_33,0.000162242781558
g59_33,0.000218000323859
g60_33,0.000230746777373
g61_33,0.000238513128721
g62_33,0.000284482253034
g63_33,0.000146724181328
g0_34,5.96239053722e-05
g1_34,8.14445864989e-06
g2_34,3.33508110769e-05
g3_34,6.08911932869e-05
g4_34,5.43197857289e-05
g5_34,0.000270686649661
g6_34,0.000350961504853
g7_34,0.000398248462152
g8_34,0.000331874532966
g9_34,0.000384663524563
g10_34,0.000460059066719
g11_34,0.000428889341722
g12_34,0.000388881285432
g13_34,0.000305946353503
g14_34,0.000140917820653
g15_34,0.00014036193017
g16_34,0.000170021272963
g17_34,0.000180789147687
g18_34,0.000240835752948
g19_34,0.000193118831377
g20_34,0.000112559542011
g21_34,0.000220070036618
g22_34,0.000231411827718
g23_34,0.000269130682418
g24_34,0.000264017354623
g25_34,0.000259584741975
g26_34,0.000217866974884
g27_34,0.000155787101648
g28_34,0.000150489253113
g29_34,0.000205210475183
g30_34,0.000219043985045
g31_34,0.000199377716396
g32_34,0.000113851164324
g33_34,0.000288142417985
g34_34,0.000260920654667
g35_34,0.000295113065226
g36_34,0.000174724919722
g37_34,0.000208763617287
g38_34,0.000249298507527
g39_34,0.000279164585877
g40_34,0.000270520875255
g41_34,0.000250269562366
g42_34,0.000245595796032
g43_34,0.000274290587969
g44_34,0.000216513800522
g45_34,0.00026818150013
g46_34,0.00020174745655
g47_34,0.000181359405441
g48_34,0.000255881885321
g49_34,0.000250030367976
g50_34,0.000167768481985
g51_34,0.000268448951185
g52_34,0.00016314619913
g53_34,0.00024304551309
g54_34,0.00025777301891
g55_34,0.000134211262333
g56_34,0.000252538652437
g57_34,0.000112771588356
g58_34,0.000237162463618
g59_34,0.000274627791234
g60_34,0.000171386718962
g61_34,0.000296417731674
g62_34,0.000279355337461
g63_34,0.000226187143782
g0_35,6.55891576268e-05
g1_35,4.86250980824e-05
g2_35,2.925436195e-05
g3_35,7.46160404742e-05
g4_35,8.11442830741e-05
g5_35,0.000109954099756
g6_35,0.00018446936903
g7_35,0.00026325109803
g8_35,0.00036938926958
g9_35,0.000319986227622
g10_35,0.000386201953776
g11_35,0.000420692491505
g12_35,0.000317048936217
g13_35,0.000177888685737
g14_35,8.50937387699e-05
g15_35,9.03604099966e-05
g16_35,0.000110384454482
g17_35,0.000183624776161
g18_35,0.000242611656642
g19_35,0.000110010150728
g20_35,0.000132065414051
g21_35,0.000273675018706
g22_35,0.00027606289668
g23_35,0.000201546616964
g24_35,0.000248941825377
g25_35,0.00028824452565
g26_35,0.000242056355037
g27_35,0.00025770086776
g28_35,0.000276912764272
g29_35,0.000315357705091
g30_35,0.000241856119395
g31_35,0.000279464213699
g32_35,0.00027267743191
g33_35,0.000284106838961
g34_35,0.000186540360443
g35_35,0.000135161470041
g36_35,0.000165026831173
g37_35,0.000254832254239
g38_35,0.000282717399588
g39_35,0.000300496729767
g40_35,0.000290847183302
g41_35,0.000249418263821
g42_35,0.000203871956957
g43_35,0.00027359542223
g44_35,0.000205317859482
g45_35,0.00019442643875
g46_35,0.000269796328195
g47_35,0.000212005371734
g48_35,0.000252697821713
g49_35,0.000179337964593
g50_35,0.000238946050914
g51_35,0.00023546469721
g52_35,0.00018609286041
g53_35,0.000218598071378
g54_35,8.70810095484e-05
g55_35,0.000188775067373
g56_35,0.000262915353186
g57_35,0.000215243407324
g58_35,0.000217227284281
g59_35,0.000189884734889
g60_35,0.000194431985567
g61_35,0.000217074468511
g62_35,0.000234470885824
g63_35,0.000223884658777
g0_36,8.87743317384e-05
g1_36,6.32374324847e-05
g2_36,4.50980742168e-05
g3_36,6.64468936772e-05
g4_36,0.000138548546823
g5_36,7.58456194164e-05
g6_36,0.000108306601633
g7_36,0.000149140135551
g8_36,0.000307343232415
g9_36,0.000326755804974
g10_36,0.000343543556507
g11_36,0.000285783174691
g12_36,0.00020379091518
g13_36,0.000158208378008
g14_36,0.000104620469766
g15_36,0.000110140212861
g16_36,0.000121014642105
g17_36,0.000188449086565
g18_36,0.000182272420156
g19_36,0.000144527952146
g20_36,0.00015013052448
g21_36,0.000262271063934
g22_36,0.000262943756331
g23_36,0.000233275491455
g24_36,0.000232182699939
g25_36,0.000251987153651
g26_36,0.000246261565898
g27_36,0.000278899119032
g28_36,0.00025058699631
g29_36,0.000282530622514
g30_36,0.000222097937755
g31_36,0.000177321270121
g32_36,0.000272121744306
g33_36,0.000172516318374
g34_36,7.86914761194e-05
g35_36,0.000230789712886
g36_36,0.000257123039002
g37_36,0.000296516134327
g38_36,0.000242685634055
g39_36,0.000223830064449
g40_36,0.000188789603142
g41_36,0.000248627353067
g42_36,0.00025617270855
g43_36,0.000260704884662
g44_36,0.000179660220377
g45_36,0.000165369388698
g46_36,0.000250042842132
g47_36,0.000199403284016
g48_36,0.000121632232264
g49_36,0.000192039759176
g50_36,0.000262756302102
g51_36,0.00017676961969
g52_36,0.000149594265819
g53_36,0.000262505589458
g54_36,0.000156136839028
g55_36,0.000173771572443
g56_36,8.64925051824e-05
g57_36,0.000225346011603
g58_36,0.0001840288263
g59_36,0.000269934723415
g60_36,0.000257652714956
g61_36,0.000241150730595
g62_36,0.000270789976433
g63_36,0.00010449599422
g0_37,8.46374030136e-05
g1_37,0.000102103861991
g2_37,6.26634504416e-05
g3_37,5.68906627387e-05
g4_37,6.10670569729e-05
g5_37,7.5414345795e-05
g6_37,8.6641486662e-05
g7_37,0.000245514192579
g8_37,0.000268652687143
g9_37,0.000252741298548
g10_37,0.000260118026982
g11_37,0.000215460646116
g12_37,0.000152401903745
g13_37,9.08820332087e-05
g14_37,8.78535839198e-05
g15_37,0.000107076465345
g16_37,0.000162138599697
g17_37,0.00024417348412
g18_37,0.000280539567378
g19_37,0.000274356987011
g20_37,0.000227436212303
g21_37,0.000349916411502
g22_37,0.00024245048848
g23_37,0.000267542401852
g24_37,0.000257003661521
g25_37,0.000231993541676
g26_37,0.000254529760906
g27_37,0.000242064589389
g28_37,0.000246493001732
g29_37,0.000262718722788
g30_37,0.000271108180588
g31_37,0.000298681154581
g32_37,0.000186672638399
g33_37,0.000281231240649
g34_37,0.000286690275901
g35_37,0.000285813310626
g36_37,0.000224716424159
g37_37,0.000102845023467
g38_37,0.000148157587768
g39_37,0.000210773649984
g40_37,0.000298765741732
g41_37,0.000246981279074
g42_37,0.000221239005378
g43_37,0.000179880311899
g44_37,0.000196457554385
g45_37,0.000239679151546
g46_37,0.000121209850101
g47_37,0.000176032281167
g48_37,0.000255343996803
g49_37,0.000166144624287
g50_37,0.000134890456667
g51_37,8.96086694483e-05
g52_37,0.000256609667162
g53_37,0.000178888203364
g54_37,0.000109986130155
g55_37,0.000191876526311
g56_37,0.000109452005018
g57_37,0.000250800201217
g58_37,0.000222711939669
g59_37,0.000172243003035
g60_37,0.000170639787629
g61_37,0.000271968690592
g62_37,0.000268461728214
g63_37,0.000135628056576
g0_38,6.04940883188e-05
g1_38,6.53016052709e-05
g2_38,6.80074654281e-05
g3_38,0.000117441925834
g4_38,0.000116295035751
g5_38,0.000120574601137
g6_38,0.000205075483496
g7_38,0.000181908336207
g8_38,0.000195822654022
g9_38,0.000204328579545
g10_38,0.0002047560334
g11_38,0.000118810053733
g12_38,9.90697163208e-05
g13_38,9.71791988427e-05
g14_38,0.000100658757511
g15_38,0.000100928330075
g16_38,0.000196481465837
g17_38,0.000278825977593
g18_38,0.000241293126983
g19_38,0.000276691355747
g20_38,0.000217103637135
g21_38,0.000290888079726
g22_38,0.000298007940423
g23_38,0.000280569453142
g24_38,0.000263908559512
g25_38,0.000262097917535
g26_38,0.000264673698243
g27_38,0.000274917888286
g28_38,0.000301286754252
g29_38,0.000291951350177
g30_38,0.000293611305696
g31_38,0.000189142934978
g32_38,6.08793926404e-05
g33_38,0.000198844655445
g34_38,0.000276629275498
g35_38,8.48285695852e-05
g36_38,0.000151527509283
g37_38,0.000212016984195
g38_38,0.000296213121751
g39_38,0.000296352133174
g40_38,0.000232236834587
g41_38,0.000203862956543
g42_38,0.000167860535802
g43_38,0.00028831103591
g44_38,0.000152976748961
g45_38,0.00017520899863
g46_38,0.000197613740301
g47_38,0.000245303976324
g48_38,0.000221451957432
g49_38,8.28745220981e-05
g50_38,0.000215733519767
g51_38,0.000194613174526
g52_38,0.000243494779578
g53_38,0.000147153333231
g54_38,0.000147874112973
g55_38,0.000257592762547
g56_38,0.000158699501136
g57_38,0.000103703107078
g58_38,0.000158446791347
g59_38,0.000274347533125
g60_38,0.000218543281742
g61_38,0.000186609115763
g62_38,0.000261361294101
g63_38,0.00017584489838
g0_39,0.000165094071461
g1_39,0.000158600807075
g2_39,0.000164071920369
g3_39,6.20384375193e-05
g4_39,0.000197417152225
g5_39,0.000233050355976
g6_39,0.000187428267364
g7_39,0.000167850973535
g8_39,0.000235350545441
g9_39,0.000185294508739
g10_39,0.000242723403497
g11_39,0.000124901731419
g12_39,8.01432101915e-05
g13_39,9.17170753974e-05
g14_39,0.000110328890794
g15_39,0.000112761612044
g16_39,0.000241457277331
g17_39,0.000267914680314
g18_39,0.000238626178809
g19_39,0.000245935539118
g20_39,0.000256818047061
g21_39,0.000287195477836
g22_39,0.00019548140236
g23_39,0.000143124697321
g24_39,0.000252349376452
g25_39,0.000273091496421
g26_39,0.00026480106044
g27_39,0.000260394568918
g28_39,0.000290140188466
g29_39,0.000289876716292
g30_39,0.000250845727825
g31_39,0.000272321186468
g32_39,0.000312646924882
g33_39,0.000206274286667
g34_39,0.000213966026891
g35_39,0.000143869640791
g36_39,0.000238980585735
g37_39,0.000264029932935
g38_39,0.000221450011347
g39_39,0.000208211017867
g40_39,0.000177961191244
g41_39,0.000257225813966
g42_39,0.000222592696384
g43_39,0.000181104024267
g44_39,0.000150369617741
g45_39,0.00026931282659
g46_39,0.000256479003891
g47_39,0.000249631410408
g48_39,8.64101366183e-05
g49_39,0.000257783747954
g50_39,0.000257693186747
g51_39,0.000123289661276
g52_39,1.9566385698e-05
g53_39,3.41133855083e-05
g54_39,0.000256455258551
g55_39,0.000103169456729
g56_39,0.000189977138086
g57_39,0.000222907108935
g58_39,0.000231897553534
g59_39,0.000179019567179
g60_39,0.000186849164549
g61_39,0.000177433602799
g62_39,0.000301907190574
g63_39,0.00018296389117
g0_40,0.000162210739861
g1_40,0.000166114250855
g2_40,0.000218534347099
g3_40,0.000224676622489
g4_40,0.0002232774945
g5_40,0.000147463512565
g6_40,0.000157329321297
g7_40,0.000164307572243
g8_40,0.000142620731775
g9_40,0.000106902372181
g10_40,0.000201980241303
g11_40,0.000125610872044
g12_40,0.000106867808965
g13_40,8.37440233841e-05
g14_40,0.0001074808299
g15_40,0.000106861712237
g16_40,0.000253991316453
g17_40,0.000299585575657
g18_40,0.000242486433216
g19_40,0.000166118570814
g20_40,0.000287178267048
g21_40,0.000321105992388
g22_40,0.000219901908505
g23_40,0.000119519920296
g24_40,0.000284432949814
g25_40,0.000300121438779
g26_40,0.000265591567472
g27_40,0.000220261591513
g28_40,0.000238855195583
g29_40,0.00022625303649
g30_40,0.000291747693933
g31_40,0.000282751023009
g32_40,0.00027421274347
g33_40,0.00025879653394
g34_40,0.000149216191641
g35_40,0.000285047559901
g36_40,0.000298563071571
g37_40,0.000236504725672
g38_40,0.000131526203741
g39_40,0.000268283481702
g40_40,0.000280664049785
g41_40,0.000178403203322
g42_40,8.92354648324e-05
g43_40,0.000198508310314
g44_40,0.000230297278028
g45_40,0.000282135595063
g46_40,0.000157378323615
g47_40,9.05000650365e-05
g48_40,0.000215233726126
g49_40,0.000266412373067
g50_40,0.000219827336974
g51_40,4.28900143897e-05
g52_40,0.000179510565126
g53_40,0.000168224785734
g54_40,0.000264600268611
g55_40,0.000160780230006
g56_40,0.000248424229958
g57_40,0.000149543292599
g58_40,0.000226303604575
g59_40,5.62123266659e-05
g60_40,0.000241546484182
g61_40,0.000211542087918
g62_40,0.000226431172513
g63_40,0.000106938836151
g0_41,5.61822564106e-05
g1_41,0.000179665126162
g2_41,0.000227869905386
g3_41,0.000230720275262
g4_41,0.00019214613946
g5_41,9.94952018297e-05
g6_41,0.000150229767011
g7_41,0.000141727663698
g8_41,0.000131003974866
g9_41,0.000183426473575
g10_41,0.000172062549338
g11_41,0.000185572724339
g12_41,0.000197550965674
g13_41,0.000271843749466
g14_41,0.000195240743929
g15_41,0.000161860895515
g16_41,0.000258799356897
g17_41,0.000272975974736
g18_41,0.000198166292095
g19_41,0.000286193265712
g20_41,0.000300061210422
g21_41,0.000326523853559
g22_41,0.000295248607446
g23_41,0.000173237170593
g24_41,0.00020927273091
g25_41,0.000245262199598
g26_41,0.000258082839078
g27_41,0.000261855067054
g28_41,0.000326606365464
g29_41,0.00027841342139
g30_41,0.000284773187325
g31_41,0.000303102508858
g32_41,0.000154257795559
g33_41,0.000104698736342
g34_41,0.000170778438519
g35_41,0.000281563533234
g36_41,0.000228407576098
g37_41,0.000177847134645
g38_41,0.000310249628403
g39_41,0.000271943888605
g40_41,0.000134206205274
g41_41,0.000163228132503
g42_41,0.000256184904338
g43_41,0.000237619506514
g44_41,0.000267014207758
g45_41,6.75535112911e-05
g46_41,0.000172923016603
g47_41,0.000221190734869
g48_41,0.000255604612844
g49_41,0.000207843707415
g50_41,8.33425039703e-05
g51_41,0.000187714687412
g52_41,0.000243167992326
g53_41,0.000189770431907
g54_41,4.38576105797e-05
g55_41,9.4445854191e-05
g56_41,0.000299296170154
g57_41,0.000132637039681
g58_41,0.000262871820916
g59_41,0.000130699108652
g60_41,0.000231523193039
g61_41,9.57779300079e-05
g62_41,0.000196480407619
g63_41,0.000126065803454
g0_42,7.96157796887e-05
g1_42,0.000143324354922
g2_42,0.0002062414688
g3_42,0.000164988078748
g4_42,0.000191637440172
g5_42,0.000125273775768
g6_42,9.95021770744e-05
g7_42,0.000167344486245
g8_42,0.000231874166574
g9_42,0.00024863395662
g10_42,0.000235737508365
g11_42,0.000184166254341
g12_42,0.00023937479342
g13_42,0.000266243687639
g14_42,0.000246584848885
g15_42,0.000228737404731
g16_42,0.000187895521033
g17_42,0.000172852495514
g18_42,0.000201957585552
g19_42,0.000247277224757
g20_42,0.000261983769064
g21_42,0.000328448604585
g22_42,0.000253697775235
g23_42,0.000220913330985
g24_42,0.000218824526902
g25_42,0.000199674787988
g26_42,0.00018031046351
g27_42,0.00023082965415
g28_42,0.000264081797084
g29_42,0.000227489758549
g30_42,0.000258608689796
g31_42,0.00024568096248
g32_42,0.000133553812016
g33_42,0.000164864615141
g34_42,0.000189056039698
g35_42,0.000204406992701
g36_42,0.000248180987583
g37_42,0.000214833741636
g38_42,0.000245643935761
g39_42,0.000203436482458
g40_42,0.00018737298987
g41_42,0.000232150315744
g42_42,0.000244330464981
g43_42,0.000254347165927
g44_42,0.000108267320313
g45_42,0.000110657588879
g46_42,0.000222793390846
g47_42,0.000267042864643
g48_42,0.000194325902272
g49_42,5.54402981904e-05
g50_42,0.00012367066966
g51_42,0.000273885674567
g52_42,0.000227780120142
g53_42,4.9430936978e-05
g54_42,9.06857729186e-05
g55_42,0.000184392372832
g56_42,0.000253359037145
g57_42,0.00019602718272
g58_42,0.000129666738565
g59_42,9.29750294112e-05
g60_42,0.000207748308428
g61_42,6.15214432011e-05
g62_42,0.000236162398268
g63_42,0.00014010105202
g0_43,1.55582642203e-05
g1_43,0.000141632889676
g2_43,0.000200808568038
g3_43,0.000232916106001
g4_43,0.000277326191593
g5_43,0.000279116347445
g6_43,0.000204540282103
g7_43,0.000236914598904
g8_43,0.000233999234396
g9_43,0.000232178494116
g10_43,0.000308041423458
g11_43,0.000216053196868
g12_43,0.000281883248042
g13_43,0.000245951957
g14_43,0.000171927788233
g15_43,0.000225940138784
g16_43,0.000265395791185
g17_43,0.000255630707926
g18_43,0.000277464158193
g19_43,0.000283773218999
g20_43,0.000244004381971
g21_43,0.000251373422158
g22_43,0.000264414281673
g23_43,0.000271343844503
g24_43,0.000223660686751
g25_43,0.00026451866557
g26_43,0.000227029980878
g27_43,0.000218351465184
g28_43,0.000270070819015
g29_43,0.000253353715627
g30_43,0.000287958943358
g31_43,0.000125720597649
g32_43,0.000193592134446
g33_43,0.000242388022939
g34_43,0.000159415005372
g35_43,0.000224046294515
g36_43,0.000288229092731
g37_43,0.000302404752236
g38_43,0.000179681265385
g39_43,0.000316847780461
g40_43,0.000309297941903
g41_43,0.000240185569683
g42_43,0.00016018685012
g43_43,3.82062817718e-05
g44_43,1.54549100287e-05
g45_43,0.000252598208755
g46_43,0.000277102303714
g47_43,0.000125957804404
g48_43,9.05284467162e-05
g49_43,0.000181433402538
g50_43,0.000284482157641
g51_43,0.00023773460296
g52_43,7.44037249243e-05
g53_43,5.22522899908e-05
g54_43,0.000270290300399
g55_43,0.000265388711676
g56_43,3.89166918184e-05
g57_43,0.000178420519313
g58_43,0.000189056668295
g59_43,0.000173584724887
g60_43,0.00026830163858
g61_43,9.18037828735e-05
g62_43,0.000253167165459
g63_43,0.000128596554939
g0_44,2.2510493425e-05
g1_44,0.00020417362478
g2_44,0.000240968654045
g3_44,0.000226439505953
g4_44,0.000241549862433
g5_44,0.000235500986028
g6_44,0.000131296847407
g7_44,0.000199176582201
g8_44,0.000247732161586
g9_44,0.000266119028308
g10_44,0.000233889029448
g11_44,0.000291296988303
g12_44,0.000226388878213
g13_44,0.000208226233304
g14_44,0.000248656877686
g15_44,0.000278041572453
g16_44,0.000245053692041
g17_44,0.000233193596936
g18_44,0.000234623531973
g19_44,0.000259684002926
g20_44,0.000260848112579
g21_44,0.00031752153611
g22_44,0.000328012127386
g23_44,0.000310741076674
g24_44,0.000308356982217
g25_44,0.000288468356327
g26_44,0.000247318281095
g27_44,0.000266713736784
g28_44,0.000221528788996
g29_44,0.00021828944197
g30_44,0.000247249509858
g31_44,0.000160123310399
g32_44,0.000202671973508
g33_44,0.000243632815736
g34_44,0.000249869123304
g35_44,0.000218876873559
g36_44,0.000212080977277
g37_44,0.000220861932311
g38_44,0.000109435404391
g39_44,0.000236622221665
g40_44,0.000236463657996
g41_44,7.08759364981e-05
g42_44,7.44088544236e-05
g43_44,0.000187683972354
g44_44,0.000146689887657
g45_44,0.000226860343372
g46_44,0.000174427958585
g47_44,0.000109924395116
g48_44,0.000220704508742
g49_44,0.000243759963026
g50_44,0.000245295355708
g51_44,4.38896619236e-05
g52_44,2.14554946944e-05
g53_44,0.000229998305532
g54_44,0.000237064807987
g55_44,0.00018571299517
g56_44,5.56207996474e-05
g57_44,0.000265525332977
g58_44,0.000172795829738
g59_44,0.000128256581832
g60_44,5.5743751008e-05
g61_44,4.67481263483e-05
g62_44,0.000248924347009
g63_44,0.000155303487004
g0_45,2.85256372694e-05
g1_45,0.000204111428579
g2_45,0.000218739866144
g3_45,0.000272197775274
g4_45,0.000250754949013
g5_45,0.000230846959156
g6_45,0.000180469551903
g7_45,0.000248405307337
g8_45,0.000217988273272
g9_45,0.000266572056119
g10_45,0.000221638773094
g11_45,0.000302713307349
g12_45,0.000188467461398
g13_45,0.000147276301417
g14_45,0.000244355630849
g15_45,0.000256384579856
g16_45,0.000249834551894
g17_45,0.000267754083751
g18_45,0.000267822730493
g19_45,0.000270731558892
g20_45,0.000243237621102
g21_45,0.000328688243479
g22_45,0.000314344007923
g23_45,0.000300553107418
g24_45,0.000327764911239
g25_45,0.000344900668812
g26_45,0.000356212885732
g27_45,0.000322959328721
g28_45,0.000351406500026
g29_45,0.000294793322251
g30_45,0.000287374211223
g31_45,0.000313479830966
g32_45,0.000242969787622
g33_45,0.000184535834964
g34_45,0.000163561772422
g35_45,0.00022418843247
g36_45,0.000141999979956
g37_45,0.000118754789577
g38_45,0.00013679346759
g39_45,0.000211799054183
g40_45,0.000276207418397
g41_45,0.000247730300641
g42_45,0.000266980047062
g43_45,0.000276130959353
g44_45,0.000250859685747
g45_45,0.000204842200649
g46_45,5.49888019204e-05
g47_45,0.000249465733276
g48_45,0.000236479676546
g49_45,0.000162827762309
g50_45,3.94529985625e-05
g51_45,0.000161232621353
g52_45,0.00023784705339
g53_45,0.000258593326194
g54_45,0.000248095550344
g55_45,6.95902985654e-05
g56_45,0.000183779388809
g57_45,0.000260601420425
g58_45,7.52358965938e-05
g59_45,6.60416347526e-05
g60_45,3.13816427339e-05
g61_45,0.000260194133461
g62_45,0.000254503653249
g63_45,0.000137004239493
g0_46,1.86841558267e-05
g1_46,0.000179154332692
g2_46,0.000224665884458
g3_46,0.000270051316628
g4_46,0.00027417320012
g5_46,0.000243075336855
g6_46,0.000247174881943
g7_46,0.00021605260859
g8_46,0.00022039386025
g9_46,0.000220282077592
g10_46,0.000211187323062
g11_46,0.000228193865991
g12_46,0.000264991721477
g13_46,0.000263413905606
g14_46,0.000170491303664
g15_46,0.000243735818209
g16_46,0.000290918858682
g17_46,0.000239882029859
g18_46,0.000243407942466
g19_46,0.000257143782362
g20_46,0.000267223245104
g21_46,0.000316317232688
g22_46,0.000290703918439
g23_46,0.000158010173175
g24_46,0.000342739433927
g25_46,0.00044847795948
g26_46,0.000422278798021
g27_46,0.000502716767604
g28_46,0.000390995870934
g29_46,0.00041586228384
g30_46,0.000203062179031
g31_46,0.000146643291483
g32_46,0.00031807397594
g33_46,0.000265706143707
g34_46,0.00022349144626
g35_46,0.000202075299845
g36_46,0.000149355564182
g37_46,0.000101886938932
g38_46,0.000258266140893
g39_46,0.000272987727408
g40_46,0.000282482768868
g41_46,0.000215807386416
g42_46,0.000247071924977
g43_46,0.00022083308809
g44_46,9.36917096268e-05
g45_46,0.000171104967467
g46_46,9.02240666308e-05
g47_46,0.000281437189214
g48_46,9.10065760843e-05
g49_46,1.56213446788e-05
g50_46,6.64500807578e-05
g51_46,0.000272306828619
g52_46,0.000244547878574
g53_46,0.0002070574958
g54_46,8.40687121171e-05
g55_46,0.000197111837925
g56_46,0.00022975649701
g57_46,0.000188448062972
g58_46,7.122363602e-05
g59_46,7.54356524134e-05
g60_46,3.38145216302e-05
g61_46,0.000282280880412
g62_46,0.000238112390689
g63_46,8.62660146432e-05
g0_47,3.63303714542e-05
g1_47,0.000218434256313
g2_47,0.000227198740298
g3_47,0.000235225727815
g4_47,0.000292312422126
g5_47,0.000232077269146
g6_47,0.000227901934729
g7_47,0.000212055206834
g8_47,0.000188626823917
g9_47,0.000214365320847
g10_47,0.000223074391534
g11_47,0.000240538933177
g12_47,0.000236547649472
g13_47,0.000322021209009
g14_47,0.000207943248625
g15_47,0.000235981296694
g16_47,0.000238515718288
g17_47,0.000239665747278
g18_47,0.000240306765105
g19_47,0.000214815062431
g20_47,0.000257744744348
g21_47,0.000311651251019
g22_47,0.000265930810708
g23_47,0
g24_47,0.000290872211426
g25_47,0.000334412964537
g26_47,0.000367020389569
g27_47,0.000411797679462
g28_47,0.000383130305304
g29_47,0.000381662035825
g30_47,0.000164457501796
g31_47,6.24657586863e-05
g32_47,0.000315136847943
g33_47,0.000301124190295
g34_47,0.000224631143089
g35_47,0.000214760882302
g36_47,0.000126946678107
g37_47,8.60817951082e-05
g38_47,0.000233221508927
g39_47,0.000228325815115
g40_47,0.000265407395892
g41_47,0.000218238927239
g42_47,0.000116030923464
g43_47,0.000123336204507
g44_47,0.000261881657968
g45_47,0.000244980330722
g46_47,0.000237539626952
g47_47,0.000193107716767
g48_47,3.98671925183e-06
g49_47,3.20535911475e-05
g50_47,0.00017550419501
g51_47,0.00025426717192
g52_47,8.03961047103e-05
g53_47,4.28903532001e-05
g54_47,0.000228997320908
g55_47,0.000241935538265
g56_47,0.000213445673631
g57_47,1.37112037101e-05
g58_47,7.16803719885e-05
g59_47,0.000264321926755
g60_47,0.000137960531225
g61_47,9.19282395802e-05
g62_47,0.000233507569875
g63_47,0.000106081104511
g0_48,3.84866103303e-05
g1_48,0.000222767873575
g2_48,0.000207304805252
g3_48,0.000236394178909
g4_48,0.000244255704219
g5_48,0.000225157234425
g6_48,0.000170562456891
g7_48,0.000112628231005
g8_48,0.000163708009381
g9_48,0.00025206470374
g10_48,0.00019801725369
g11_48,0.000174906070906
g12_48,0.000213846027706
g13_48,0.000245678069808
g14_48,0.000231720512877
g15_48,0.000208068673013
g16_48,0.000265365210594
g17_48,0.000237117921081
g18_48,0.000167874112877
g19_48,0.000254235038928
g20_48,0.000266998030059
g21_48,0.000277170269403
g22_48,0.00025514961307
g23_48,0
g24_48,0.000301819777828
g25_48,0.000418535870011
g26_48,0.000421538311955
g27_48,0.000403135424189
g28_48,0.000369157690231
g29_48,0.000405543779298
g30_48,0.000145074847437
g31_48,6.21783552283e-05
g32_48,0.000349072984725
g33_48,0.000325390636439
g34_48,0.000302003575728
g35_48,0.000225487999614
g36_48,0.0002010699843
g37_48,0.000208543912246
g38_48,0.000263318432797
g39_48,0.000268579914112
g40_48,0.000258378412069
g41_48,0.000181091262772
g42_48,0.000189922834611
g43_48,0.00020662816077
g44_48,0.00026689882681
g45_48,0.000225533343829
g46_48,0.000245491532916
g47_48,0.000243072978964
g48_48,0.000104086175685
g49_48,0.000226853802741
g50_48,0.000265351655072
g51_48,0.00018958766749
g52_48,0.000126761236809
g53_48,0.000210332670067
g54_48,0.000228546862603
g55_48,0.000199331301938
g56_48,5.28126750597e-05
g57_48,0
g58_48,0.000101812198851
g59_48,0.000177166140091
g60_48,8.38937822596e-05
g61_48,9.44351182377e-05
g62_48,0.000215292228772
g63_48,7.82331421716e-05
g0_49,4.74405688734e-05
g1_49,0.00020565487464
g2_49,0.000214189874189
g3_49,0.000221498152201
g4_49,0.000235476158357
g5_49,0.000243219570479
g6_49,0.000173714799465
g7_49,6.01857494338e-05
g8_49,6.94514096148e-05
g9_49,0.000130269242641
g10_49,0.000107731277572
g11_49,3.83744930286e-05
g12_49,0.000232616971467
g13_49,0.000306539288651
g14_49,0.000211327141805
g15_49,7.9924896489e-05
g16_49,0.000156710355032
g17_49,0.000242417486368
g18_49,0.000212566147022
g19_49,0.000355405955319
g20_49,0.000272371197572
g21_49,0.000265916398082
g22_49,0.000230719940602
g23_49,0
g24_49,0.000276860207742
g25_49,0.000344725464236
g26_49,0.000420717511919
g27_49,0.000324119435155
g28_49,0.000393282930498
g29_49,0.000382350094875
g30_49,0.000126649194248
g31_49,5.61465131383e-05
g32_49,0.00035958574935
g33_49,0.000314718157275
g34_49,0.000294770562401
g35_49,0.000252480456566
g36_49,0.000248702489331
g37_49,0.000241602163395
g38_49,0.000149094842758
g39_49,0.000214595679985
g40_49,0.000179569054488
g41_49,9.78179665884e-05
g42_49,0.000186622930962
g43_49,0.000209433713235
g44_49,0.00021149119537
g45_49,0.00020122260753
g46_49,0.00028274798855
g47_49,0.000249444966936
g48_49,0.000255973053356
g49_49,0.000238993137906
g50_49,0.000129000019969
g51_49,0.000126818420055
g52_49,0.000262594755517
g53_49,0.000274758023953
g54_49,4.09909676392e-05
g55_49,0
g56_49,5.91427475887e-07
g57_49,1.49018184696e-06
g58_49,0.000150458642186
g59_49,0.000221465316594
g60_49,0.000176818908519
g61_49,0.000233538223408
g62_49,0.000236966846234
g63_49,8.01448601712e-06
g0_50,3.74646422341e-05
g1_50,8.08784914216e-05
g2_50,0.000199454462376
g3_50,0.000225888890598
g4_50,0.000211543513436
g5_50,0.000210799167935
g6_50,0.000200468588142
g7_50,0.000268049217634
g8_50,6.32015485058e-05
g9_50,6.28005206932e-06
g10_50,1.20035263267e-05
g11_50,1.70306496795e-05
g12_50,9.44024859704e-05
g13_50,0.000284507486542
g14_50,0.000176058596749
g15_50,4.31881231074e-05
g16_50,3.38191617802e-05
g17_50,0.000255334596739
g18_50,0.000321912237821
g19_50,0.0003539144298
g20_50,0.000282451766338
g21_50,0.000249315358533
g22_50,0.000232855117442
g23_50,0.000199014197905
g24_50,0.00031831331889
g25_50,0.000488936714447
g26_50,0.000394664375763
g27_50,0.000454104648409
g28_50,0.000381832739601
g29_50,0.000377902583269
g30_50,0.000266212490401
g31_50,0.000245330654306
g32_50,0.000322211177634
g33_50,0.000310237327084
g34_50,0.000284721315152
g35_50,0.000273249528835
g36_50,0.000272039680826
g37_50,0.00027135320829
g38_50,0.000227758817512
g39_50,0.000228631429193
g40_50,0.000168027033103
g41_50,0.000272462421191
g42_50,0.000282056185234
g43_50,0.000251811207344
g44_50,3.83740305651e-05
g45_50,0.000177220128231
g46_50,0.000144875435877
g47_50,0.000178438074295
g48_50,4.75061654407e-05
g49_50,0.000196528241664
g50_50,0.000127693950191
g51_50,0.000253400883048
g52_50,0.000134715212196
g53_50,7.12637620919e-05
g54_50,0
g55_50,5.96072738783e-06
g56_50,1.59662340746e-06
g57_50,4.32999990143e-05
g58_50,0.000241967871446
g59_50,0.000237950162515
g60_50,0.000227753319066
g61_50,0.000234325640658
g62_50,0.000224676547946
g63_50,9.95342173778e-06
g0_51,1.7043494095e-05
g1_51,6.80134691512e-05
g2_51,0.000120324421273
g3_51,0.000113480846246
g4_51,0.000153079198979
g5_51,0.000163256228783
g6_51,0.000140555527374
g7_51,5.94746569881e-05
g8_51,1.43679264324e-05
g9_51,8.57454451316e-06
g10_51,4.74436340391e-06
g11_51,1.24599910184e-05
g12_51,1.59662340746e-06
g13_51,2.83462768247e-05
g14_51,1.6072675635e-05
g15_51,8.55119663743e-06
g16_51,3.06623747874e-05
g17_51,0.000302378211489
g18_51,0.000302710180863
g19_51,0.000343531082331
g20_51,0.000340299360328
g21_51,0.000255455100011
g22_51,0.000268963390714
g23_51,0.000285842399752
g24_51,0.000270923939448
g25_51,0.000322080990239
g26_51,0.000325196292278
g27_51,0.000293274236102
g28_51,0.000323512180723
g29_51,0.000305678008002
g30_51,0.000314730275832
g31_51,0.000290346562242
g32_51,0.000275600547913
g33_51,0.000277111387918
g34_51,0.000277973899664
g35_51,0.000309015855154
g36_51,0.000283410173976
g37_51,0.000240795755699
g38_51,0.000217406094035
g39_51,0.000280572341229
g40_51,0.000265637888214
g41_51,0.000247143501637
g42_51,0.000295158683467
g43_51,0.000271352120631
g44_51,0.000106036397292
g45_51,0.00022069534407
g46_51,0.000273755659655
g47_51,0.000258305998049
g48_51,0.00028323832328
g49_51,0.000262473731871
g50_51,0.000240874588994
g51_51,0.000196706182521
g52_51,0.000173404128441
g53_51,2.70160009095e-05
g54_51,0.000109136503852
g55_51,0.000101613750874
g56_51,0.000172430393815
g57_51,0.000257211845215
g58_51,0.000270497837369
g59_51,4.45289513889e-05
g60_51,0.000131782537771
g61_51,0.000107252499572
g62_51,0.000190815045278
g63_51,6.60169067521e-06
g0_52,0
g1_52,2.8552510252e-05
g2_52,2.63888724633e-05
g3_52,7.68712513103e-06
g4_52,2.34576487691e-06
g5_52,6.71986071336e-06
g6_52,3.45070803984e-06
g7_52,9.78101360605e-06
g8_52,1.59662340746e-06
g9_52,3.5125714964e-06
g10_52,9.17906158597e-06
g11_52,1.49018184696e-06
g12_52,7.87667547678e-06
g13_52,4.43216291862e-06
g14_52,1.74564159215e-05
g15_52,1.9876961354e-05
g16_52,0.000105383506574
g17_52,0.000286544969532
g18_52,0.000242989953815
g19_52,0.000345868131499
g20_52,0.000361821824114
g21_52,0.000313992754769
g22_52,0.000259111351583
g23_52,0.000224794915903
g24_52,0.00025682064646
g25_52,0.000268060714514
g26_52,0.000299829540625
g27_52,0.000240737371317
g28_52,0.000249069890317
g29_52,0.000255736791165
g30_52,0.000255292227137
g31_52,0.00028150198804
g32_52,0.000270482993598
g33_52,0.000289794360281
g34_52,0.000322240720295
g35_52,0.000286658246737
g36_52,0.000322638661998
g37_52,0.000311995209944
g38_52,0.000232790998602
g39_52,0.000217240940511
g40_52,0.000270498277406
g41_52,0.000255805112729
g42_52,0.000284830378022
g43_52,0.000186286319587
g44_52,0.000231376641636
g45_52,0.000243564499727
g46_52,0.00023667505489
g47_52,0.000232523415987
g48_52,0.000184485682846
g49_52,0.000205488312986
g50_52,0.000217009583332
g51_52,9.98209005898e-05
g52_52,8.60713052632e-05
g53_52,0.000261686403286
g54_52,0.000247753803374
g55_52,0.000228582177756
g56_52,0.000257235881776
g57_52,0.000194851598471
g58_52,0.000197150452824
g59_52,0.000114341214076
g60_52,0.000280775839693
g61_52,6.21810976745e-05
g62_52,1.85504875846e-05
g63_52,0
g0_53,4.1579424767e-06
g1_53,1.1081087632e-05
g2_53,2.00537303452e-05
g3_53,3.29574930663e-05
g4_53,2.21391666855e-05
g5_53,1.86556583454e-05
g6_53,2.07218050925e-05
g7_53,1.30437587606e-05
g8_53,1.47121041739e-05
g9_53,4.15122085938e-06
g10_53,1.07505976102e-05
g11_53,7.0251429928e-06
g12_53,7.93589515018e-06
g13_53,8.83582905244e-06
g14_53,0.000144345522375
g15_53,0.00015548609525
g16_53,0.000222852314656
g17_53,0.000347696700462
g18_53,0.000290103001059
g19_53,0.000308587147875
g20_53,0.000324153258668
g21_53,0.000309495092108
g22_53,0.000234592879964
g23_53,0.000211030225393
g24_53,0.000219320217109
g25_53,0.000253570882761
g26_53,0.000316553314457
g27_53,0.00026210772632
g28_53,0.000237665935549
g29_53,0.000197030350398
g30_53,0.000259163382925
g31_53,0.000322405385069
g32_53,0.000333612550192
g33_53,0.000300308857606
g34_53,0.000278550344723
g35_53,0.000289025663764
g36_53,0.000248923104648
g37_53,0.00027150417762
g38_53,0.000251848159262
g39_53,0.000250318463285
g40_53,0.000177166453315
g41_53,0.000192425744893
g42_53,0.000237328288693
g43_53,0.000250764959706
g44_53,0.000226841371943
g45_53,0.000239773019797
g46_53,0.00021600731747
g47_53,9.8471917608e-05
g48_53,0.000233022226279
g49_53,0.000258376238675
g50_53,0.000286732947077
g51_53,0.000246666760481
g52_53,0.00022738719387
g53_53,0.000251359259574
g54_53,0.000222928478635
g55_53,0.000131589396844
g56_53,0.000129596504263
g57_53,2.85495526847e-05
g58_53,5.02068594837e-05
g59_53,0.000191488624169
g60_53,0.000242118171542
g61_53,0.000230678624139
g62_53,4.39710441676e-05
g63_53,0
g0_54,0
g1_54,1.83923027895e-05
g2_54,3.27945619947e-05
g3_54,4.27510023129e-05
g4_54,5.49222537046e-06
g5_54,3.7254546174e-06
g6_54,1.41567275461e-05
g7_54,1.36518181936e-05
g8_54,1.26327764485e-05
g9_54,1.02076988125e-05
g10_54,7.33576136803e-06
g11_54,8.51532483976e-06
g12_54,8.89439533029e-06
g13_54,3.93833773839e-06
g14_54,0.000215528646235
g15_54,0.000237173918603
g16_54,0.000241471170052
g17_54,0.000392367262552
g18_54,0.000320994333385
g19_54,0.000310245894958
g20_54,0.000361975120407
g21_54,0.000318189270948
g22_54,0.000204060115214
g23_54,0.000241929256075
g24_54,0.000220488020663
g25_54,0.000216303029857
g26_54,0.000262448302976
g27_54,0.000263884982078
g28_54,0.00026815449622
g29_54,0.000279962001464
g30_54,0.000282464226854
g31_54,0.000283967256438
g32_54,0.000310048636506
g33_54,0.000348541209799
g34_54,0.000303736058916
g35_54,0.000260454802941
g36_54,0.000273194397412
g37_54,0.000239661013356
g38_54,0.000194814203156
g39_54,0.000300564509459
g40_54,0.000259849704841
g41_54,0.000278258131338
g42_54,0.000211987615943
g43_54,0.000144302158246
g44_54,0.00026920980294
g45_54,0.000259512134184
g46_54,7.69654673503e-05
g47_54,5.41285588213e-06
g48_54,5.41123040266e-05
g49_54,0.000262490330834
g50_54,0.000190155041425
g51_54,0.00025958837463
g52_54,0.000172585984976
g53_54,0.000182823797623
g54_54,1.14894808867e-05
g55_54,1.07912251422e-05
g56_54,1.19355562466e-05
g57_54,0.000167381228436
g58_54,0.000251947904163
g59_54,0.000243023517414
g60_54,0.000213523527422
g61_54,0.000255622677469
g62_54,5.14266924463e-05
g63_54,0
g0_55,0
g1_55,0
g2_55,0
g3_55,0
g4_55,0
g5_55,0
g6_55,0
g7_55,0
g8_55,8.22220024515e-06
g9_55,0
g10_55,5.32207802485e-07
g11_55,5.32207802485e-07
g12_55,0
g13_55,0
g14_55,1.9098591322e-05
g15_55,3.36703412797e-05
g16_55,0.000240715924113
g17_55,0.000262753549453
g18_55,0.000274901421154
g19_55,0.000275658420245
g20_55,0.000302567264096
g21_55,0.000213340537989
g22_55,0.000280716083699
g23_55,0.000236491145314
g24_55,0.000225847798822
g25_55,0.000254967051588
g26_55,0.000240654756092
g27_55,0.000282117988764
g28_55,0.000292747804586
g29_55,0.00028461304263
g30_55,0.000246188086726
g31_55,0.000317507551609
g32_55,0.00029993733317
g33_55,0.000365083969562
g34_55,0.000292242269092
g35_55,0.000267402310793
g36_55,0.000256112996497
g37_55,0.000245296528823
g38_55,0.000223044912694
g39_55,0.000267554068316
g40_55,0.000301223136487
g41_55,0.000297166112289
g42_55,0.000204736425965
g43_55,0.000177050116515
g44_55,0.000238737653135
g45_55,0.000159345279626
g46_55,9.89906512622e-06
g47_55,2.29100773851e-06
g48_55,7.79810140032e-06
g49_55,2.82755195119e-05
g50_55,0.000229083832651
g51_55,0.000221800768613
g52_55,0.00010978786961
g53_55,0.000120880179922
g54_55,0.000170266520798
g55_55,0.00024603827274
g56_55,0.00025258549028
g57_55,0.000244025106481
g58_55,0.000222350827639
g59_55,0.000142906765029
g60_55,0.000256634743576
g61_55,0.000153176916185
g62_55,7.2999464197e-07
g63_55,0
g0_56,0
g1_56,0
g2_56,0
g3_56,0
g4_56,0
g5_56,0
g6_56,0
g7_56,0
g8_56,0
g9_56,0
g10_56,0
g11_56,0
g12_56,0
g13_56,0
g14_56,1.17901643975e-05
g15_56,2.7416047748e-05
g16_56,0.000144208125913
g17_56,0.000185429679048
g18_56,9.71489871318e-05
g19_56,0.000204515146933
g20_56,0.000229691721407
g21_56,0.000273493771466
g22_56,0.00023362423715
g23_56,0.000169727823675
g24_56,0.000213273174012
g25_56,0.000257958694081
g26_56,0.000251181599428
g27_56,0.000220932129816
g28_56,0.000252039239167
g29_56,0.000198590540733
g30_56,0.000195450593365
g31_56,0.000266512157469
g32_56,0.000294453551229
g33_56,0.00032804117098
g34_56,0.000293774940837
g35_56,0.000254835730218
g36_56,0.000240466689626
g37_56,0.000259448353877
g38_56,0.000241475452042
g39_56,0.000259741849554
g40_56,0.000188305595273
g41_56,9.11254863765e-05
g42_56,0.000171500494996
g43_56,0.00021226619894
g44_56,3.57937951175e-05
g45_56,1.26420088904e-05
g46_56,5.45638706938e-06
g47_56,7.14378833412e-06
g48_56,1.70306496795e-06
g49_56,4.07564377244e-05
g50_56,0.000275751142011
g51_56,0.000262425515949
g52_56,0.000248137914498
g53_56,0.000264117498161
g54_56,0.00025685631752
g55_56,0.000248389835164
g56_56,0.00024007865916
g57_56,0.000179346208975
g58_56,0.000189063459071
g59_56,0.000211247941052
g60_56,0.000263960201484
g61_56,3.39607404758e-05
g62_56,0
g63_56,0
g0_57,0
g1_57,0
g2_57,0
g3_57,0
g4_57,0
g5_57,0
g6_57,0
g7_57,0
g8_57,0
g9_57,0
g10_57,0
g11_57,0
g12_57,0
g13_57,5.36282911129e-06
g14_57,4.28060771673e-06
g15_57,0.000118036696347
g16_57,0.000188327774727
g17_57,0.000188723038984
g18_57,0.000254275930289
g19_57,0.00021824255084
g20_57,0.000236572452198
g21_57,0.000267273268617
g22_57,0.000156415634589
g23_57,0.000248033474487
g24_57,0.000198057480479
g25_57,0.000225475686807
g26_57,0.000200619351134
g27_57,0.000164044475947
g28_57,0.000213819851234
g29_57,0.000221330665828
g30_57,0.00018301431646
g31_57,0.000227863785576
g32_57,0.000250689856441
g33_57,0.000315423215436
g34_57,0.000246379946242
g35_57,0.000250347656487
g36_57,0.000221118838682
g37_57,0.000228689999297
g38_57,0.000202621308464
g39_57,0.000224290683373
g40_57,0.000240879356618
g41_57,0.000198652576182
g42_57,0.000263051620355
g43_57,0.000136458117315
g44_57,4.31701505186e-06
g45_57,1.43696106671e-05
g46_57,1.59662340746e-05
g47_57,6.38649362982e-06
g48_57,7.1315845533e-06
g49_57,0
g50_57,8.04041779443e-06
g51_57,2.70357361944e-05
g52_57,0.000137897001785
g53_57,0.000190809479314
g54_57,0.000207632188832
g55_57,0.000198438039577
g56_57,0.00015798841988
g57_57,0.000276253819969
g58_57,0.000216957331488
g59_57,0.000235142802048
g60_57,0.000200549387402
g61_57,6.82861607469e-05
g62_57,1.58694487385e-07
g63_57,0
g0_58,0
g1_58,0
g2_58,0
g3_58,0
g4_58,0
g5_58,0
g6_58,0
g7_58,0
g8_58,0
g9_58,0
g10_58,0
g11_58,0
g12_58,8.81208799965e-07
g13_58,3.97997515068e-06
g14_58,3.0023621147e-05
g15_58,0.000123475414476
g16_58,0.000142186775524
g17_58,1.6547487289e-05
g18_58,9.42323198211e-05
g19_58,0.000251608956013
g20_58,0.000247796251146
g21_58,0.00023458803319
g22_58,0.000219482253298
g23_58,0.000221508799512
g24_58,0.000241788659624
g25_58,9.05836901842e-05
g26_58,1.65345278014e-05
g27_58,1.97530072092e-06
g28_58,4.97412359998e-06
g29_58,1.3990571707e-05
g30_58,2.5307880934e-05
g31_58,2.33366997394e-05
g32_58,0.000112537110496
g33_58,0.000240532229794
g34_58,0.000182247584941
g35_58,0.000210860230382
g36_58,0.000208982911838
g37_58,0.000155833242966
g38_58,0.000152677520242
g39_58,0.000136418976544
g40_58,0.000273497132274
g41_58,0.000231746567817
g42_58,0.000297319633376
g43_58,0.000156380370095
g44_58,7.2934187697e-06
g45_58,1.59662340746e-06
g46_58,9.57974044473e-06
g47_58,1.59662340746e-05
g48_58,7.34446767429e-06
g49_58,3.83189617789e-06
g50_58,5.91713728029e-05
g51_58,9.70389701619e-05
g52_58,2.14977103247e-05
g53_58,0.000108613942393
g54_58,0.000187855760371
g55_58,0.00026872902858
g56_58,0.00022459110084
g57_58,0.000281390030126
g58_58,0.000195860766442
g59_58,0.000175876960688
g60_58,2.83533121797e-05
g61_58,0
g62_58,0
g63_58,0
g0_59,0
g1_59,0
g2_59,0
g3_59,0
g4_59,0
g5_59,0
g6_59,0
g7_59,0
g8_59,0
g9_59,0
g10_59,0
g11_59,0
g12_59,0
g13_59,0
g14_59,2.54286075769e-05
g15_59,0.000146730366164
g16_59,0.000124878017065
g17_59,0
g18_59,0.00011937406907
g19_59,0.000270501115863
g20_59,0.000229788660905
g21_59,0.000271666459148
g22_59,0.00022064263486
g23_59,0.00026735160657
g24_59,0.000250927767463
g25_59,0.000146395555661
g26_59,7.72523446728e-05
g27_59,9.29918216074e-06
g28_59,0
g29_59,5.91427475887e-07
g30_59,0
g31_59,2.02238964944e-06
g32_59,4.09523030875e-05
g33_59,0.000202805088193
g34_59,0.000198352454112
g35_59,0.00020263778527
g36_59,0.000231272720302
g37_59,0.000284105648539
g38_59,0.000209128531967
g39_59,0.0002391084293
g40_59,0.000214190843933
g41_59,0.000297663476063
g42_59,0.000149143835521
g43_59,2.11644391227e-05
g44_59,1.49018184696e-06
g45_59,0.000133396438635
g46_59,8.87776907188e-06
g47_59,0
g48_59,1.18150132152e-05
g49_59,4.20629501007e-05
g50_59,0.000265049320615
g51_59,0.000222915625764
g52_59,0.000202706668823
g53_59,0.000271889635593
g54_59,0.000181973092864
g55_59,7.11168066683e-05
g56_59,5.88984417853e-05
g57_59,3.24270137181e-05
g58_59,0
g59_59,0
g60_59,0
g61_59,0
g62_59,0
g63_59,0
g0_60,0
g1_60,0
g2_60,0
g3_60,0
g4_60,0
g5_60,0
g6_60,0
g7_60,0
g8_60,0
g9_60,0
g10_60,0
g11_60,0
g12_60,0
g13_60,1.59662340746e-06
g14_60,2.05270426709e-05
g15_60,9.11821734449e-05
g16_60,3.98811360759e-05
g17_60,0
g18_60,0.000169336660776
g19_60,0.000263604807569
g20_60,0.000251470273084
g21_60,0.000249344035132
g22_60,0.000143989967162
g23_60,0.000286265738175
g24_60,0.000264668221428
g25_60,0.000232176874399
g26_60,0.000229556389884
g27_60,5.70312380251e-06
g28_60,0
g29_60,0
g30_60,6.65832680391e-06
g31_60,5.672560331e-05
g32_60,0.000145454667626
g33_60,0.000246768711489
g34_60,0.000230882588083
g35_60,0.000185398077937
g36_60,0.000235166730753
g37_60,0.000214064237521
g38_60,0.000224252314238
g39_60,0.000157185902612
g40_60,0.000115137592052
g41_60,0.00015127725408
g42_60,0.000196171579754
g43_60,0.000153934885275
g44_60,9.58958132338e-05
g45_60,0.000240031372129
g46_60,1.35881030067e-06
g47_60,0
g48_60,0
g49_60,5.54521157611e-05
g50_60,0.000192463912039
g51_60,0.000193986246938
g52_60,0.000132004609427
g53_60,0.000122899336094
g54_60,9.5090771731e-06
g55_60,0
g56_60,0
g57_60,0
g58_60,0
g59_60,0
g60_60,0
g61_60,0
g62_60,0
g63_60,0
g0_61,0
g1_61,0
g2_61,0
g3_61,0
g4_61,0
g5_61,0
g6_61,0
g7_61,0
g8_61,0
g9_61,0
g10_61,0
g11_61,0
g12_61,1.59662340746e-06
g13_61,1.59662340746e-06
g14_61,1.89465977685e-05
g15_61,6.03523648018e-05
g16_61,1.56469093931e-05
g17_61,0
g18_61,0.000211130737961
g19_61,0.000280223695801
g20_61,0.000286353980769
g21_61,0.000232926721054
g22_61,1.95816615288e-05
g23_61,0.000179288122722
g24_61,0.000267097775774
g25_61,0.000243503379726
g26_61,0.000133057922642
g27_61,0
g28_61,0
g29_61,2.22069962393e-05
g30_61,2.95278141272e-05
g31_61,0.000109773505185
g32_61,0.000172337070513
g33_61,0.000210374465298
g34_61,0.000218944603475
g35_61,0.000193456773532
g36_61,0.000240762264995
g37_61,0.000271113665111
g38_61,0.000268615059482
g39_61,0.000202829691166
g40_61,0.000208912288038
g41_61,0.000187231097242
g42_61,0.000286279780577
g43_61,0.000205154208276
g44_61,0.000247483067718
g45_61,0.000200694334927
g46_61,0
g47_61,0
g48_61,0
g49_61,0
g50_61,0
g51_61,0
g52_61,0
g53_61,0
g54_61,0
g55_61,0
g56_61,0
g57_61,0
g58_61,0
g59_61,0
g60_61,0
g61_61,0
g62_61,0
g63_61,0
g0_62,0
g1_62,0
g2_62,0
g3_62,0
g4_62,0
g5_62,0
g6_62,0
g7_62,0
g8_62,0
g9_62,0
g10_62,0
g11_62,0
g12_62,4.25766241988e-07
g13_62,1.38374028646e-06
g14_62,6.70581831131e-06
g15_62,2.39493511118e-05
g16_62,1.91594808895e-06
g17_62,0
g18_62,4.11870982286e-05
g19_62,0.000158030123713
g20_62,0.000142718781484
g21_62,5.48403019437e-05
g22_62,0
g23_62,1.50023059632e-05
g24_62,6.80465446131e-05
g25_62,4.49507294779e-06
g26_62,0
g27_62,0
g28_62,0
g29_62,8.0714005634e-06
g30_62,2.03105287728e-05
g31_62,8.4627578033e-06
g32_62,0.000101633640951
g33_62,0.00023442779517
g34_62,0.000222107980582
g35_62,0.000215550566201
g36_62,0.000182138844593
g37_62,0.000177215882502
g38_62,0.000108670766379
g39_62,8.96484145139e-05
g40_62,8.08899498734e-05
g41_62,0.000184336195697
g42_62,0.000283671962345
g43_62,0.000256530590959
g44_62,0.000291552981573
g45_62,8.0452313105e-05
g46_62,0
g47_62,0
g48_62,0
g49_62,0
g50_62,0
g51_62,0
g52_62,0
g53_62,0
g54_62,0
g55_62,0
g56_62,0
g57_62,0
g58_62,0
g59_62,0
g60_62,0
g61_62,0
g62_62,0
g63_62,0
g0_63,0
g1_63,0
g2_63,0
g3_63,0
g4_63,0
g5_63,0
g6_63,0
g7_63,0
g8_63,0
g9_63,0
g10_63,0
g11_63,0
g12_63,0
g13_63,0
g14_63,0
g15_63,0
g16_63,0
g17_63,0
g18_63,0
g19_63,0
g20_63,0
g21_63,0
g22_63,0
g23_63,0
g24_63,0
g25_63,0
g26_63,0
g27_63,0
g28_63,0
g29_63,0
g30_63,9.57974044473e-07
g31_63,1.59662340746e-06
g32_63,3.08831733975e-05
g33_63,6.68137738144e-05
g34_63,6.85245258042e-05
g35_63,8.15060515162e-05
g36_63,8.59471309737e-05
g37_63,1.09416362351e-05
g38_63,0
g39_63,0
g40_63,0
g41_63,7.7627071412e-06
g42_63,9.60295626461e-05
g43_63,0.000130522319913
g44_63,3.41934196522e-05
g45_63,0
g46_63,0
g47_63,0
g48_63,0
g49_63,0
g50_63,0
g51_63,0
g52_63,0
g53_63,0
g54_63,0
g55_63,0
g56_63,0
g57_63,0
g58_63,0
g59_63,0
g60_63,0
g61_63,0
g62_63,0
g63_63,0
